game_id	section_id	team_id	team_name	team_url	period_scores
100822	0	741	VMI	http://stats.ncaa.org/team/741/10301	[0, 3, 1, 1, 5]
100822	1	726	Navy	http://stats.ncaa.org/team/726/10301	[7, 1, 6, 2, 16]
100922	0	739	Villanova	http://stats.ncaa.org/team/739/10301	[1, 4, 0, 3, 8]
100922	1	518	Ohio St.	http://stats.ncaa.org/team/518/10301	[4, 2, 2, 2, 10]
101182	0	400	Massachusetts	http://stats.ncaa.org/team/400/10301	[2, 7, 1, 5, 15]
101182	1	590	Sacred Heart	http://stats.ncaa.org/team/590/10301	[1, 3, 5, 3, 12]
103042	0	81	Bryant	http://stats.ncaa.org/team/81/10301	[0, 2, 2, 0, 4]
103042	1	457	North Carolina	http://stats.ncaa.org/team/457/10301	[1, 3, 0, 1, 5]
103082	0	457	North Carolina	http://stats.ncaa.org/team/457/10301	[3, 2, 4, 2, 11]
103082	1	316	Jacksonville	http://stats.ncaa.org/team/316/10301	[2, 1, 1, 1, 5]
106422	0	518	Ohio St.	http://stats.ncaa.org/team/518/10301	[2, 2, 0, 1, 5]
106422	1	83	Bucknell	http://stats.ncaa.org/team/83/10301	[1, 4, 1, 5, 11]
109962	0	352	Lehigh	http://stats.ncaa.org/team/352/10301	[2, 2, 0, 1, 5]
109962	1	457	North Carolina	http://stats.ncaa.org/team/457/10301	[2, 7, 5, 3, 17]
110842	0	352	Lehigh	http://stats.ncaa.org/team/352/10301	[3, 1, 1, 2, 7]
110842	1	606	Saint Joseph's	http://stats.ncaa.org/team/606/10301	[1, 1, 3, 1, 6]
110862	0	381	Manhattan	http://stats.ncaa.org/team/381/10301	[0, 0, 0, 3, 3]
110862	1	322	Johns Hopkins	http://stats.ncaa.org/team/322/10301	[3, 4, 7, 0, 14]
110922	0	180	Delaware	http://stats.ncaa.org/team/180/10301	[2, 4, 1, 3, 0, 0, 1, 11]
110922	1	391	UMBC	http://stats.ncaa.org/team/391/10301	[1, 3, 0, 6, 0, 0, 0, 10]
111602	0	746	Virginia	http://stats.ncaa.org/team/746/10301	[1, 5, 0, 5, 11]
111602	1	191	Drexel	http://stats.ncaa.org/team/191/10301	[4, 1, 2, 1, 8]
111642	0	513	Notre Dame	http://stats.ncaa.org/team/513/10301	[4, 2, 3, 2, 11]
111642	1	193	Duke	http://stats.ncaa.org/team/193/10301	[2, 3, 2, 0, 7]
111664	0	738	Vermont	http://stats.ncaa.org/team/738/10301	[0, 0, 2, 2, 4]
111664	1	81	Bryant	http://stats.ncaa.org/team/81/10301	[2, 1, 2, 2, 7]
111682	0	579	Robert Morris	http://stats.ncaa.org/team/579/10301	[12, 3, 5, 4, 24]
111682	1	539	Penn St.	http://stats.ncaa.org/team/539/10301	[4, 1, 6, 6, 17]
111702	0	285	Holy Cross	http://stats.ncaa.org/team/285/10301	[1, 2, 2, 3, 8]
111702	1	603	St. John's (NY)	http://stats.ncaa.org/team/603/10301	[3, 4, 1, 1, 9]
111722	0	639	Siena	http://stats.ncaa.org/team/639/10301	[1, 2, 7, 4, 14]
111722	1	683	Stony Brook	http://stats.ncaa.org/team/683/10301	[4, 8, 4, 5, 21]
111762	0	369	Loyola Maryland	http://stats.ncaa.org/team/369/10301	[1, 3, 2, 1, 1, 8]
111762	1	726	Navy	http://stats.ncaa.org/team/726/10301	[1, 2, 2, 2, 0, 7]
112362	0	180	Delaware	http://stats.ncaa.org/team/180/10301	[2, 2, 1, 2, 7]
112362	1	322	Johns Hopkins	http://stats.ncaa.org/team/322/10301	[4, 3, 3, 5, 15]
112522	0	52	Bellarmine	http://stats.ncaa.org/team/52/10301	[4, 0, 5, 5, 14]
112522	1	316	Jacksonville	http://stats.ncaa.org/team/316/10301	[3, 6, 2, 2, 13]
112682	0	83	Bucknell	http://stats.ncaa.org/team/83/10301	[3, 5, 1, 2, 0, 11]
112682	1	193	Duke	http://stats.ncaa.org/team/193/10301	[0, 5, 3, 3, 1, 12]
113263	0	342	Lafayette	http://stats.ncaa.org/team/342/10301	[4, 3, 2, 6, 15]
113263	1	220	Fairfield	http://stats.ncaa.org/team/220/10301	[2, 4, 2, 2, 10]
115702	0	153	Colgate	http://stats.ncaa.org/team/153/10301	[3, 1, 0, 2, 6]
115702	1	62	Binghamton	http://stats.ncaa.org/team/62/10301	[2, 2, 2, 1, 7]
115722	0	587	Rutgers	http://stats.ncaa.org/team/587/10301	[7, 5, 6, 6, 24]
115722	1	748	Wagner	http://stats.ncaa.org/team/748/10301	[2, 2, 0, 0, 4]
118722	0	683	Stony Brook	http://stats.ncaa.org/team/683/10301	[3, 1, 1, 3, 8]
118722	1	746	Virginia	http://stats.ncaa.org/team/746/10301	[4, 4, 3, 2, 13]
118742	0	539	Penn St.	http://stats.ncaa.org/team/539/10301	[1, 2, 2, 3, 8]
118742	1	513	Notre Dame	http://stats.ncaa.org/team/513/10301	[4, 5, 1, 2, 12]
119504	0	391	UMBC	http://stats.ncaa.org/team/391/10301	[2, 0, 1, 3, 6]
119504	1	587	Rutgers	http://stats.ncaa.org/team/587/10301	[1, 0, 2, 2, 5]
119862	0	457	North Carolina	http://stats.ncaa.org/team/457/10301	[2, 4, 5, 0, 11]
119862	1	726	Navy	http://stats.ncaa.org/team/726/10301	[0, 1, 1, 2, 4]
119863	0	172	Dartmouth	http://stats.ncaa.org/team/172/10301	[1, 1, 4, 1, 7]
119863	1	153	Colgate	http://stats.ncaa.org/team/153/10301	[0, 1, 0, 2, 3]
119882	0	639	Siena	http://stats.ncaa.org/team/639/10301	[0, 2, 3, 2, 7]
119882	1	322	Johns Hopkins	http://stats.ncaa.org/team/322/10301	[0, 3, 3, 2, 8]
119942	0	116	Canisius	http://stats.ncaa.org/team/116/10301	[2, 1, 1, 2, 6]
119942	1	275	Harvard	http://stats.ncaa.org/team/275/10301	[3, 6, 6, 1, 16]
119982	0	283	Hofstra	http://stats.ncaa.org/team/283/10301	[1, 6, 3, 4, 14]
119982	1	554	Princeton	http://stats.ncaa.org/team/554/10301	[3, 6, 3, 5, 17]
120002	0	386	Marist	http://stats.ncaa.org/team/386/10301	[2, 1, 3, 4, 1, 11]
120002	1	590	Sacred Heart	http://stats.ncaa.org/team/590/10301	[1, 3, 3, 3, 0, 10]
120042	0	83	Bucknell	http://stats.ncaa.org/team/83/10301	[2, 1, 4, 6, 13]
120042	1	711	Towson	http://stats.ncaa.org/team/711/10301	[1, 4, 4, 0, 9]
120082	0	603	St. John's (NY)	http://stats.ncaa.org/team/603/10301	[2, 5, 0, 3, 10]
120082	1	721	Air Force	http://stats.ncaa.org/team/721/10301	[1, 1, 3, 2, 7]
120182	0	180	Delaware	http://stats.ncaa.org/team/180/10301	[1, 4, 4, 6, 15]
120182	1	606	Saint Joseph's	http://stats.ncaa.org/team/606/10301	[1, 1, 2, 1, 5]
120202	0	167	Cornell	http://stats.ncaa.org/team/167/10301	[3, 3, 3, 1, 10]
120202	1	282	Hobart and William Colleges	http://stats.ncaa.org/team/282/10301	[1, 2, 1, 3, 7]
120222	0	184	Detroit	http://stats.ncaa.org/team/184/10301	[2, 0, 1, 4, 7]
120222	1	518	Ohio St.	http://stats.ncaa.org/team/518/10301	[6, 4, 4, 2, 16]
120442	0	540	Penn	http://stats.ncaa.org/team/540/10301	[4, 3, 2, 2, 11]
120442	1	193	Duke	http://stats.ncaa.org/team/193/10301	[1, 3, 4, 8, 16]
120782	0	738	Vermont	http://stats.ncaa.org/team/738/10301	[3, 0, 1, 1, 5]
120782	1	191	Drexel	http://stats.ncaa.org/team/191/10301	[2, 2, 2, 3, 9]
120962	0	272	Hartford	http://stats.ncaa.org/team/272/10301	[2, 5, 2, 1, 10]
120962	1	400	Massachusetts	http://stats.ncaa.org/team/400/10301	[8, 5, 5, 2, 20]
121022	0	285	Holy Cross	http://stats.ncaa.org/team/285/10301	[3, 1, 1, 2, 7]
121022	1	813	Yale	http://stats.ncaa.org/team/813/10301	[2, 5, 4, 3, 14]
121602	0	316	Jacksonville	http://stats.ncaa.org/team/316/10301	[1, 2, 4, 2, 9]
121602	1	741	VMI	http://stats.ncaa.org/team/741/10301	[4, 3, 2, 1, 10]
121982	0	579	Robert Morris	http://stats.ncaa.org/team/579/10301	[4, 1, 3, 5, 13]
121982	1	381	Manhattan	http://stats.ncaa.org/team/381/10301	[5, 2, 2, 3, 12]
122002	0	746	Virginia	http://stats.ncaa.org/team/746/10301	[5, 4, 2, 4, 15]
122002	1	450	Mt. St. Mary's	http://stats.ncaa.org/team/450/10301	[1, 2, 1, 3, 7]
122102	0	369	Loyola Maryland	http://stats.ncaa.org/team/369/10301	[2, 3, 2, 4, 11]
122102	1	562	Quinnipiac	http://stats.ncaa.org/team/562/10301	[1, 2, 0, 2, 5]
122962	0	741	VMI	http://stats.ncaa.org/team/741/10301	[2, 0, 3, 4, 9]
122962	1	725	Army West Point	http://stats.ncaa.org/team/725/10301	[4, 0, 5, 2, 11]
123062	0	285	Holy Cross	http://stats.ncaa.org/team/285/10301	[3, 2, 2, 1, 8]
123062	1	386	Marist	http://stats.ncaa.org/team/386/10301	[2, 0, 6, 3, 11]
123602	0	167	Cornell	http://stats.ncaa.org/team/167/10301	[2, 3, 2, 2, 9]
123602	1	116	Canisius	http://stats.ncaa.org/team/116/10301	[0, 3, 1, 2, 6]
123662	0	450	Mt. St. Mary's	http://stats.ncaa.org/team/450/10301	[2, 1, 1, 3, 7]
123662	1	316	Jacksonville	http://stats.ncaa.org/team/316/10301	[2, 2, 4, 6, 14]
123742	0	738	Vermont	http://stats.ncaa.org/team/738/10301	[2, 2, 4, 2, 10]
123742	1	153	Colgate	http://stats.ncaa.org/team/153/10301	[3, 2, 3, 3, 11]
123782	0	606	Saint Joseph's	http://stats.ncaa.org/team/606/10301	[0, 0, 3, 2, 5]
123782	1	191	Drexel	http://stats.ncaa.org/team/191/10301	[5, 6, 4, 4, 19]
123783	0	639	Siena	http://stats.ncaa.org/team/639/10301	[3, 4, 3, 3, 13]
123783	1	14	Albany (NY)	http://stats.ncaa.org/team/14/10301	[3, 3, 2, 4, 12]
123862	0	62	Binghamton	http://stats.ncaa.org/team/62/10301	[4, 2, 2, 4, 12]
123862	1	739	Villanova	http://stats.ncaa.org/team/739/10301	[3, 4, 4, 4, 15]
124201	0	275	Harvard	http://stats.ncaa.org/team/275/10301	[3, 2, 2, 5, 12]
124201	1	251	Georgetown	http://stats.ncaa.org/team/251/10301	[2, 2, 4, 5, 13]
124251	0	540	Penn	http://stats.ncaa.org/team/540/10301	[1, 4, 1, 3, 9]
124251	1	342	Lafayette	http://stats.ncaa.org/team/342/10301	[3, 3, 5, 3, 14]
124258	0	726	Navy	http://stats.ncaa.org/team/726/10301	[1, 2, 2, 3, 8]
124258	1	352	Lehigh	http://stats.ncaa.org/team/352/10301	[0, 1, 2, 0, 3]
124323	0	183	Denver	http://stats.ncaa.org/team/183/10301	[2, 1, 2, 4, 9]
124323	1	688	Syracuse	http://stats.ncaa.org/team/688/10301	[8, 2, 4, 1, 15]
124427	0	725	Army West Point	http://stats.ncaa.org/team/725/10301	[0, 2, 3, 2, 7]
124427	1	688	Syracuse	http://stats.ncaa.org/team/688/10301	[2, 3, 2, 5, 12]
124466	0	748	Wagner	http://stats.ncaa.org/team/748/10301	[1, 0, 0, 2, 3]
124466	1	562	Quinnipiac	http://stats.ncaa.org/team/562/10301	[3, 8, 2, 7, 20]
124547	0	741	VMI	http://stats.ncaa.org/team/741/10301	[5, 5, 2, 2, 14]
124547	1	1320	Presbyterian	http://stats.ncaa.org/team/1320/10301	[1, 2, 1, 3, 7]
124640	0	603	St. John's (NY)	http://stats.ncaa.org/team/603/10301	[1, 2, 0, 3, 6]
124640	1	251	Georgetown	http://stats.ncaa.org/team/251/10301	[2, 3, 2, 2, 9]
124663	0	539	Penn St.	http://stats.ncaa.org/team/539/10301	[2, 4, 1, 3, 0, 10]
124663	1	518	Ohio St.	http://stats.ncaa.org/team/518/10301	[3, 3, 2, 2, 1, 11]
124679	0	381	Manhattan	http://stats.ncaa.org/team/381/10301	[1, 7, 2, 2, 12]
124679	1	590	Sacred Heart	http://stats.ncaa.org/team/590/10301	[0, 4, 1, 4, 9]
124874	0	554	Princeton	http://stats.ncaa.org/team/554/10301	[4, 3, 2, 1, 1, 11]
124874	1	322	Johns Hopkins	http://stats.ncaa.org/team/322/10301	[4, 0, 4, 2, 0, 10]
124946	0	606	Saint Joseph's	http://stats.ncaa.org/team/606/10301	[1, 1, 1, 3, 6]
124946	1	587	Rutgers	http://stats.ncaa.org/team/587/10301	[6, 4, 2, 3, 15]
125006	0	275	Harvard	http://stats.ncaa.org/team/275/10301	[3, 4, 2, 0, 9]
125006	1	285	Holy Cross	http://stats.ncaa.org/team/285/10301	[4, 0, 2, 1, 7]
125015	0	80	Brown	http://stats.ncaa.org/team/80/10301	[1, 2, 4, 5, 12]
125015	1	283	Hofstra	http://stats.ncaa.org/team/283/10301	[0, 6, 5, 4, 15]
125016	0	457	North Carolina	http://stats.ncaa.org/team/457/10301	[4, 3, 3, 2, 12]
125016	1	391	UMBC	http://stats.ncaa.org/team/391/10301	[2, 3, 1, 1, 7]
125017	0	711	Towson	http://stats.ncaa.org/team/711/10301	[3, 1, 2, 5, 11]
125017	1	683	Stony Brook	http://stats.ncaa.org/team/683/10301	[3, 6, 2, 3, 14]
125022	0	83	Bucknell	http://stats.ncaa.org/team/83/10301	[1, 1, 0, 5, 0, 7]
125022	1	726	Navy	http://stats.ncaa.org/team/726/10301	[1, 2, 3, 1, 1, 8]
125025	0	688	Syracuse	http://stats.ncaa.org/team/688/10301	[4, 1, 1, 4, 10]
125025	1	746	Virginia	http://stats.ncaa.org/team/746/10301	[2, 6, 1, 2, 11]
125043	0	386	Marist	http://stats.ncaa.org/team/386/10301	[2, 4, 2, 5, 13]
125043	1	738	Vermont	http://stats.ncaa.org/team/738/10301	[4, 5, 2, 0, 11]
125051	0	562	Quinnipiac	http://stats.ncaa.org/team/562/10301	[2, 4, 5, 2, 13]
125051	1	184	Detroit	http://stats.ncaa.org/team/184/10301	[1, 1, 3, 3, 8]
125087	0	556	Providence	http://stats.ncaa.org/team/556/10301	[0, 1, 1, 2, 4]
125087	1	316	Jacksonville	http://stats.ncaa.org/team/316/10301	[5, 0, 3, 1, 9]
125088	0	748	Wagner	http://stats.ncaa.org/team/748/10301	[0, 2, 0, 2, 4]
125088	1	342	Lafayette	http://stats.ncaa.org/team/342/10301	[4, 4, 6, 1, 15]
125182	0	282	Hobart and William Colleges	http://stats.ncaa.org/team/282/10301	[6, 1, 2, 3, 12]
125182	1	153	Colgate	http://stats.ncaa.org/team/153/10301	[1, 4, 2, 2, 9]
125185	0	540	Penn	http://stats.ncaa.org/team/540/10301	[1, 0, 3, 4, 8]
125185	1	721	Air Force	http://stats.ncaa.org/team/721/10301	[1, 4, 0, 2, 7]
125190	0	639	Siena	http://stats.ncaa.org/team/639/10301	[5, 2, 2, 2, 11]
125190	1	272	Hartford	http://stats.ncaa.org/team/272/10301	[1, 5, 5, 2, 13]
125193	0	14	Albany (NY)	http://stats.ncaa.org/team/14/10301	[2, 5, 3, 3, 13]
125193	1	183	Denver	http://stats.ncaa.org/team/183/10301	[3, 4, 8, 2, 17]
125194	0	540	Penn	http://stats.ncaa.org/team/540/10301	[3, 4, 2, 2, 11]
125194	1	183	Denver	http://stats.ncaa.org/team/183/10301	[2, 2, 1, 2, 7]
125198	0	183	Denver	http://stats.ncaa.org/team/183/10301	[4, 4, 2, 2, 0, 0, 0, 12]
125198	1	316	Jacksonville	http://stats.ncaa.org/team/316/10301	[2, 2, 4, 4, 0, 0, 1, 13]
125304	0	513	Notre Dame	http://stats.ncaa.org/team/513/10301	[2, 3, 3, 3, 11]
125304	1	369	Loyola Maryland	http://stats.ncaa.org/team/369/10301	[3, 0, 5, 1, 9]
125307	0	191	Drexel	http://stats.ncaa.org/team/191/10301	[5, 3, 1, 3, 12]
125307	1	62	Binghamton	http://stats.ncaa.org/team/62/10301	[2, 1, 1, 3, 7]
125343	0	220	Fairfield	http://stats.ncaa.org/team/220/10301	[2, 2, 0, 2, 6]
125343	1	739	Villanova	http://stats.ncaa.org/team/739/10301	[0, 3, 2, 3, 8]
125352	0	554	Princeton	http://stats.ncaa.org/team/554/10301	[5, 2, 4, 2, 13]
125352	1	381	Manhattan	http://stats.ncaa.org/team/381/10301	[2, 0, 2, 4, 8]
125356	0	14	Albany (NY)	http://stats.ncaa.org/team/14/10301	[3, 1, 1, 1, 6]
125356	1	400	Massachusetts	http://stats.ncaa.org/team/400/10301	[1, 3, 2, 5, 11]
125361	0	513	Notre Dame	http://stats.ncaa.org/team/513/10301	[2, 2, 1, 1, 0, 6]
125361	1	191	Drexel	http://stats.ncaa.org/team/191/10301	[3, 1, 0, 2, 1, 7]
125363	0	391	UMBC	http://stats.ncaa.org/team/391/10301	[3, 3, 3, 1, 10]
125363	1	322	Johns Hopkins	http://stats.ncaa.org/team/322/10301	[4, 4, 4, 4, 16]
125402	0	579	Robert Morris	http://stats.ncaa.org/team/579/10301	[5, 9, 1, 4, 19]
125402	1	741	VMI	http://stats.ncaa.org/team/741/10301	[2, 2, 2, 2, 8]
125407	0	739	Villanova	http://stats.ncaa.org/team/739/10301	[1, 5, 2, 3, 11]
125407	1	539	Penn St.	http://stats.ncaa.org/team/539/10301	[3, 0, 1, 3, 7]
125408	0	741	VMI	http://stats.ncaa.org/team/741/10301	[2, 2, 1, 1, 6]
125408	1	746	Virginia	http://stats.ncaa.org/team/746/10301	[9, 4, 2, 5, 20]
125426	0	14	Albany (NY)	http://stats.ncaa.org/team/14/10301	[1, 2, 3, 3, 9]
125426	1	180	Delaware	http://stats.ncaa.org/team/180/10301	[1, 4, 4, 7, 16]
125452	0	272	Hartford	http://stats.ncaa.org/team/272/10301	[5, 1, 5, 1, 0, 12]
125452	1	80	Brown	http://stats.ncaa.org/team/80/10301	[2, 5, 2, 3, 1, 13]
125479	0	352	Lehigh	http://stats.ncaa.org/team/352/10301	[2, 5, 3, 4, 14]
125479	1	721	Air Force	http://stats.ncaa.org/team/721/10301	[4, 5, 3, 1, 13]
125539	0	352	Lehigh	http://stats.ncaa.org/team/352/10301	[2, 0, 2, 3, 7]
125539	1	183	Denver	http://stats.ncaa.org/team/183/10301	[1, 4, 3, 0, 8]
125568	0	606	Saint Joseph's	http://stats.ncaa.org/team/606/10301	[0, 1, 0, 4, 5]
125568	1	540	Penn	http://stats.ncaa.org/team/540/10301	[9, 5, 1, 1, 16]
125662	0	180	Delaware	http://stats.ncaa.org/team/180/10301	[1, 3, 2, 5, 11]
125662	1	272	Hartford	http://stats.ncaa.org/team/272/10301	[3, 2, 3, 1, 9]
125885	0	726	Navy	http://stats.ncaa.org/team/726/10301	[1, 2, 2, 3, 8]
125885	1	342	Lafayette	http://stats.ncaa.org/team/342/10301	[3, 2, 5, 5, 15]
125902	0	813	Yale	http://stats.ncaa.org/team/813/10301	[3, 1, 2, 2, 8]
125902	1	352	Lehigh	http://stats.ncaa.org/team/352/10301	[1, 1, 1, 3, 6]
125905	0	153	Colgate	http://stats.ncaa.org/team/153/10301	[2, 1, 3, 2, 8]
125905	1	285	Holy Cross	http://stats.ncaa.org/team/285/10301	[2, 4, 1, 2, 9]
125913	0	275	Harvard	http://stats.ncaa.org/team/275/10301	[5, 1, 4, 4, 14]
125913	1	400	Massachusetts	http://stats.ncaa.org/team/400/10301	[3, 3, 3, 4, 13]
125922	0	391	UMBC	http://stats.ncaa.org/team/391/10301	[1, 2, 1, 1, 5]
125922	1	554	Princeton	http://stats.ncaa.org/team/554/10301	[5, 3, 2, 0, 10]
125924	0	62	Binghamton	http://stats.ncaa.org/team/62/10301	[6, 2, 4, 3, 15]
125924	1	386	Marist	http://stats.ncaa.org/team/386/10301	[2, 3, 0, 4, 9]
125942	0	220	Fairfield	http://stats.ncaa.org/team/220/10301	[4, 3, 2, 1, 10]
125942	1	513	Notre Dame	http://stats.ncaa.org/team/513/10301	[0, 2, 2, 4, 8]
126014	0	116	Canisius	http://stats.ncaa.org/team/116/10301	[2, 0, 2, 1, 5]
126014	1	183	Denver	http://stats.ncaa.org/team/183/10301	[1, 3, 3, 3, 10]
126023	0	322	Johns Hopkins	http://stats.ncaa.org/team/322/10301	[1, 1, 2, 2, 6]
126023	1	283	Hofstra	http://stats.ncaa.org/team/283/10301	[4, 2, 4, 4, 14]
126027	0	556	Providence	http://stats.ncaa.org/team/556/10301	[0, 1, 1, 0, 2]
126027	1	562	Quinnipiac	http://stats.ncaa.org/team/562/10301	[2, 3, 3, 4, 12]
126029	0	457	North Carolina	http://stats.ncaa.org/team/457/10301	[3, 2, 5, 3, 13]
126029	1	193	Duke	http://stats.ncaa.org/team/193/10301	[0, 3, 3, 1, 7]
126031	0	14	Albany (NY)	http://stats.ncaa.org/team/14/10301	[1, 1, 2, 2, 6]
126031	1	518	Ohio St.	http://stats.ncaa.org/team/518/10301	[2, 2, 5, 2, 11]
126033	0	739	Villanova	http://stats.ncaa.org/team/739/10301	[3, 1, 1, 2, 7]
126033	1	540	Penn	http://stats.ncaa.org/team/540/10301	[1, 3, 1, 3, 8]
126039	0	603	St. John's (NY)	http://stats.ncaa.org/team/603/10301	[2, 2, 0, 0, 4]
126039	1	191	Drexel	http://stats.ncaa.org/team/191/10301	[4, 1, 1, 5, 11]
126049	0	251	Georgetown	http://stats.ncaa.org/team/251/10301	[3, 4, 2, 3, 12]
126049	1	688	Syracuse	http://stats.ncaa.org/team/688/10301	[6, 5, 0, 4, 15]
126056	0	590	Sacred Heart	http://stats.ncaa.org/team/590/10301	[3, 3, 0, 1, 7]
126056	1	316	Jacksonville	http://stats.ncaa.org/team/316/10301	[2, 4, 7, 4, 17]
126060	0	52	Bellarmine	http://stats.ncaa.org/team/52/10301	[3, 1, 2, 2, 8]
126060	1	272	Hartford	http://stats.ncaa.org/team/272/10301	[1, 3, 2, 1, 7]
126074	0	184	Detroit	http://stats.ncaa.org/team/184/10301	[1, 3, 1, 1, 6]
126074	1	579	Robert Morris	http://stats.ncaa.org/team/579/10301	[3, 3, 4, 5, 15]
126075	0	518	Ohio St.	http://stats.ncaa.org/team/518/10301	[2, 2, 1, 2, 7]
126075	1	579	Robert Morris	http://stats.ncaa.org/team/579/10301	[5, 3, 2, 2, 12]
126077	0	725	Army West Point	http://stats.ncaa.org/team/725/10301	[1, 1, 3, 2, 0, 7]
126077	1	721	Air Force	http://stats.ncaa.org/team/721/10301	[2, 1, 3, 1, 1, 8]
126078	0	539	Penn St.	http://stats.ncaa.org/team/539/10301	[1, 1, 1, 1, 4]
126078	1	587	Rutgers	http://stats.ncaa.org/team/587/10301	[1, 2, 4, 0, 7]
127324	0	285	Holy Cross	http://stats.ncaa.org/team/285/10301	[1, 3, 4, 5, 13]
127324	1	172	Dartmouth	http://stats.ncaa.org/team/172/10301	[1, 1, 3, 3, 8]
127325	0	748	Wagner	http://stats.ncaa.org/team/748/10301	[1, 3, 1, 4, 9]
127325	1	172	Dartmouth	http://stats.ncaa.org/team/172/10301	[4, 10, 3, 1, 18]
128683	0	726	Navy	http://stats.ncaa.org/team/726/10301	[3, 2, 2, 2, 9]
128683	1	711	Towson	http://stats.ncaa.org/team/711/10301	[3, 3, 3, 1, 10]
129062	0	316	Jacksonville	http://stats.ncaa.org/team/316/10301	[0, 5, 1, 2, 8]
129062	1	83	Bucknell	http://stats.ncaa.org/team/83/10301	[5, 5, 4, 3, 17]
129422	0	400	Massachusetts	http://stats.ncaa.org/team/400/10301	[5, 3, 0, 4, 12]
129422	1	813	Yale	http://stats.ncaa.org/team/813/10301	[3, 5, 2, 3, 13]
129424	0	153	Colgate	http://stats.ncaa.org/team/153/10301	[2, 4, 0, 2, 8]
129424	1	275	Harvard	http://stats.ncaa.org/team/275/10301	[3, 1, 4, 3, 11]
129425	0	556	Providence	http://stats.ncaa.org/team/556/10301	[0, 1, 1, 1, 3]
129425	1	400	Massachusetts	http://stats.ncaa.org/team/400/10301	[5, 4, 3, 5, 17]
129426	0	603	St. John's (NY)	http://stats.ncaa.org/team/603/10301	[2, 0, 0, 4, 6]
129426	1	683	Stony Brook	http://stats.ncaa.org/team/683/10301	[7, 7, 3, 4, 21]
129427	0	554	Princeton	http://stats.ncaa.org/team/554/10301	[2, 2, 3, 4, 11]
129427	1	457	North Carolina	http://stats.ncaa.org/team/457/10301	[4, 3, 3, 2, 12]
129462	0	62	Binghamton	http://stats.ncaa.org/team/62/10301	[2, 3, 0, 0, 5]
129462	1	282	Hobart and William Colleges	http://stats.ncaa.org/team/282/10301	[3, 0, 1, 2, 6]
134003	0	183	Denver	http://stats.ncaa.org/team/183/10301	[2, 1, 3, 1, 7]
134003	1	513	Notre Dame	http://stats.ncaa.org/team/513/10301	[3, 4, 3, 4, 14]
134004	0	738	Vermont	http://stats.ncaa.org/team/738/10301	[2, 1, 2, 2, 7]
134004	1	746	Virginia	http://stats.ncaa.org/team/746/10301	[4, 4, 6, 4, 18]
134005	0	193	Duke	http://stats.ncaa.org/team/193/10301	[1, 4, 2, 1, 8]
134005	1	369	Loyola Maryland	http://stats.ncaa.org/team/369/10301	[1, 0, 2, 2, 5]
134006	0	450	Mt. St. Mary's	http://stats.ncaa.org/team/450/10301	[2, 7, 3, 7, 19]
134006	1	579	Robert Morris	http://stats.ncaa.org/team/579/10301	[4, 2, 4, 3, 13]
140135	0	683	Stony Brook	http://stats.ncaa.org/team/683/10301	[1, 9, 1, 5, 16]
140135	1	180	Delaware	http://stats.ncaa.org/team/180/10301	[4, 2, 3, 3, 12]
140563	0	282	Hobart and William Colleges	http://stats.ncaa.org/team/282/10301	[2, 1, 1, 3, 7]
140563	1	83	Bucknell	http://stats.ncaa.org/team/83/10301	[2, 1, 4, 2, 9]
140615	0	688	Syracuse	http://stats.ncaa.org/team/688/10301	[3, 2, 3, 2, 10]
140615	1	322	Johns Hopkins	http://stats.ncaa.org/team/322/10301	[0, 1, 2, 4, 7]
140637	0	386	Marist	http://stats.ncaa.org/team/386/10301	[2, 1, 4, 2, 9]
140637	1	587	Rutgers	http://stats.ncaa.org/team/587/10301	[3, 3, 1, 3, 10]
140652	0	172	Dartmouth	http://stats.ncaa.org/team/172/10301	[1, 0, 2, 3, 6]
140652	1	457	North Carolina	http://stats.ncaa.org/team/457/10301	[1, 5, 6, 3, 15]
140661	0	748	Wagner	http://stats.ncaa.org/team/748/10301	[1, 2, 1, 2, 6]
140661	1	81	Bryant	http://stats.ncaa.org/team/81/10301	[3, 6, 4, 4, 17]
140670	0	342	Lafayette	http://stats.ncaa.org/team/342/10301	[6, 3, 2, 5, 16]
140670	1	83	Bucknell	http://stats.ncaa.org/team/83/10301	[5, 4, 3, 3, 15]
140677	0	220	Fairfield	http://stats.ncaa.org/team/220/10301	[1, 3, 4, 2, 10]
140677	1	153	Colgate	http://stats.ncaa.org/team/153/10301	[1, 1, 3, 3, 8]
140704	0	539	Penn St.	http://stats.ncaa.org/team/539/10301	[2, 3, 3, 3, 11]
140704	1	193	Duke	http://stats.ncaa.org/team/193/10301	[5, 6, 5, 4, 20]
140712	0	562	Quinnipiac	http://stats.ncaa.org/team/562/10301	[1, 2, 4, 2, 9]
140712	1	282	Hobart and William Colleges	http://stats.ncaa.org/team/282/10301	[1, 3, 0, 3, 7]
140720	0	80	Brown	http://stats.ncaa.org/team/80/10301	[5, 2, 4, 2, 13]
140720	1	275	Harvard	http://stats.ncaa.org/team/275/10301	[1, 3, 3, 4, 11]
140730	0	738	Vermont	http://stats.ncaa.org/team/738/10301	[1, 3, 2, 6, 12]
140730	1	741	VMI	http://stats.ncaa.org/team/741/10301	[2, 1, 5, 0, 8]
140745	0	590	Sacred Heart	http://stats.ncaa.org/team/590/10301	[3, 1, 1, 1, 6]
140745	1	283	Hofstra	http://stats.ncaa.org/team/283/10301	[3, 4, 2, 5, 14]
140772	0	116	Canisius	http://stats.ncaa.org/team/116/10301	[2, 1, 0, 3, 6]
140772	1	450	Mt. St. Mary's	http://stats.ncaa.org/team/450/10301	[2, 3, 2, 6, 13]
140780	0	540	Penn	http://stats.ncaa.org/team/540/10301	[1, 5, 1, 3, 0, 10]
140780	1	554	Princeton	http://stats.ncaa.org/team/554/10301	[0, 1, 3, 6, 1, 11]
140784	0	738	Vermont	http://stats.ncaa.org/team/738/10301	[1, 2, 1, 3, 0, 7]
140784	1	603	St. John's (NY)	http://stats.ncaa.org/team/603/10301	[2, 3, 1, 1, 1, 8]
140788	0	639	Siena	http://stats.ncaa.org/team/639/10301	[4, 2, 4, 4, 14]
140788	1	606	Saint Joseph's	http://stats.ncaa.org/team/606/10301	[0, 5, 2, 1, 8]
140799	0	587	Rutgers	http://stats.ncaa.org/team/587/10301	[1, 1, 2, 4, 8]
140799	1	725	Army West Point	http://stats.ncaa.org/team/725/10301	[2, 3, 2, 4, 11]
140809	0	285	Holy Cross	http://stats.ncaa.org/team/285/10301	[0, 0, 2, 1, 3]
140809	1	726	Navy	http://stats.ncaa.org/team/726/10301	[1, 3, 5, 3, 12]
140816	0	386	Marist	http://stats.ncaa.org/team/386/10301	[1, 4, 0, 2, 1, 8]
140816	1	741	VMI	http://stats.ncaa.org/team/741/10301	[2, 0, 3, 2, 0, 7]
140836	0	191	Drexel	http://stats.ncaa.org/team/191/10301	[4, 3, 2, 2, 11]
140836	1	14	Albany (NY)	http://stats.ncaa.org/team/14/10301	[4, 0, 0, 5, 9]
140843	0	579	Robert Morris	http://stats.ncaa.org/team/579/10301	[3, 7, 4, 1, 15]
140843	1	52	Bellarmine	http://stats.ncaa.org/team/52/10301	[6, 3, 1, 8, 18]
140854	0	746	Virginia	http://stats.ncaa.org/team/746/10301	[2, 6, 4, 3, 15]
140854	1	711	Towson	http://stats.ncaa.org/team/711/10301	[4, 2, 2, 2, 10]
140928	0	285	Holy Cross	http://stats.ncaa.org/team/285/10301	[1, 2, 2, 1, 6]
140928	1	272	Hartford	http://stats.ncaa.org/team/272/10301	[4, 2, 2, 2, 10]
141244	0	251	Georgetown	http://stats.ncaa.org/team/251/10301	[3, 5, 4, 2, 14]
141244	1	556	Providence	http://stats.ncaa.org/team/556/10301	[0, 0, 3, 1, 4]
141445	0	184	Detroit	http://stats.ncaa.org/team/184/10301	[2, 2, 1, 3, 8]
141445	1	381	Manhattan	http://stats.ncaa.org/team/381/10301	[1, 3, 4, 3, 11]
143008	0	518	Ohio St.	http://stats.ncaa.org/team/518/10301	[2, 1, 3, 0, 0, 6]
143008	1	513	Notre Dame	http://stats.ncaa.org/team/513/10301	[1, 3, 0, 2, 1, 7]
143023	0	721	Air Force	http://stats.ncaa.org/team/721/10301	[0, 0, 1, 2, 3]
143023	1	369	Loyola Maryland	http://stats.ncaa.org/team/369/10301	[5, 5, 4, 4, 18]
144400	0	400	Massachusetts	http://stats.ncaa.org/team/400/10301	[1, 4, 3, 3, 11]
144400	1	80	Brown	http://stats.ncaa.org/team/80/10301	[2, 2, 4, 2, 10]
144402	0	1320	Presbyterian	http://stats.ncaa.org/team/1320/10301	[3, 3, 1, 5, 12]
144402	1	184	Detroit	http://stats.ncaa.org/team/184/10301	[4, 3, 5, 4, 16]
144406	0	283	Hofstra	http://stats.ncaa.org/team/283/10301	[1, 7, 2, 3, 13]
144406	1	603	St. John's (NY)	http://stats.ncaa.org/team/603/10301	[1, 1, 1, 1, 4]
144408	0	167	Cornell	http://stats.ncaa.org/team/167/10301	[3, 2, 4, 3, 12]
144408	1	683	Stony Brook	http://stats.ncaa.org/team/683/10301	[4, 1, 0, 4, 9]
144411	0	184	Detroit	http://stats.ncaa.org/team/184/10301	[0, 6, 3, 0, 9]
144411	1	352	Lehigh	http://stats.ncaa.org/team/352/10301	[5, 6, 3, 7, 21]
144412	0	725	Army West Point	http://stats.ncaa.org/team/725/10301	[2, 4, 3, 0, 9]
144412	1	352	Lehigh	http://stats.ncaa.org/team/352/10301	[1, 2, 0, 2, 5]
144441	0	590	Sacred Heart	http://stats.ncaa.org/team/590/10301	[2, 4, 3, 1, 10]
144441	1	748	Wagner	http://stats.ncaa.org/team/748/10301	[2, 1, 0, 2, 5]
144955	0	721	Air Force	http://stats.ncaa.org/team/721/10301	[0, 0, 2, 0, 2]
144955	1	639	Siena	http://stats.ncaa.org/team/639/10301	[2, 0, 2, 1, 5]
145096	0	381	Manhattan	http://stats.ncaa.org/team/381/10301	[3, 2, 6, 1, 12]
145096	1	1320	Presbyterian	http://stats.ncaa.org/team/1320/10301	[2, 3, 0, 2, 7]
145100	0	191	Drexel	http://stats.ncaa.org/team/191/10301	[2, 1, 1, 4, 8]
145100	1	739	Villanova	http://stats.ncaa.org/team/739/10301	[2, 3, 4, 1, 10]
145161	0	518	Ohio St.	http://stats.ncaa.org/team/518/10301	[1, 1, 3, 5, 10]
145161	1	562	Quinnipiac	http://stats.ncaa.org/team/562/10301	[2, 2, 3, 1, 8]
145163	0	193	Duke	http://stats.ncaa.org/team/193/10301	[4, 1, 5, 5, 15]
145163	1	251	Georgetown	http://stats.ncaa.org/team/251/10301	[3, 2, 4, 1, 10]
145166	0	683	Stony Brook	http://stats.ncaa.org/team/683/10301	[2, 2, 3, 1, 8]
145166	1	81	Bryant	http://stats.ncaa.org/team/81/10301	[1, 1, 1, 4, 7]
145168	0	83	Bucknell	http://stats.ncaa.org/team/83/10301	[2, 2, 0, 2, 6]
145168	1	14	Albany (NY)	http://stats.ncaa.org/team/14/10301	[1, 2, 2, 2, 7]
145170	0	450	Mt. St. Mary's	http://stats.ncaa.org/team/450/10301	[3, 5, 2, 2, 12]
145170	1	748	Wagner	http://stats.ncaa.org/team/748/10301	[2, 2, 0, 1, 5]
145172	0	711	Towson	http://stats.ncaa.org/team/711/10301	[0, 2, 1, 3, 6]
145172	1	369	Loyola Maryland	http://stats.ncaa.org/team/369/10301	[2, 2, 1, 2, 7]
145174	0	518	Ohio St.	http://stats.ncaa.org/team/518/10301	[1, 2, 3, 2, 8]
145174	1	220	Fairfield	http://stats.ncaa.org/team/220/10301	[2, 2, 4, 2, 10]
145175	0	282	Hobart and William Colleges	http://stats.ncaa.org/team/282/10301	[0, 0, 3, 2, 5]
145175	1	220	Fairfield	http://stats.ncaa.org/team/220/10301	[2, 6, 4, 2, 14]
145181	0	726	Navy	http://stats.ncaa.org/team/726/10301	[2, 1, 2, 4, 1, 10]
145181	1	153	Colgate	http://stats.ncaa.org/team/153/10301	[4, 2, 2, 1, 0, 9]
145185	0	721	Air Force	http://stats.ncaa.org/team/721/10301	[1, 2, 1, 2, 6]
145185	1	183	Denver	http://stats.ncaa.org/team/183/10301	[3, 3, 0, 3, 9]
145186	0	606	Saint Joseph's	http://stats.ncaa.org/team/606/10301	[1, 3, 3, 2, 9]
145186	1	386	Marist	http://stats.ncaa.org/team/386/10301	[2, 4, 5, 4, 15]
145217	0	554	Princeton	http://stats.ncaa.org/team/554/10301	[2, 2, 0, 3, 7]
145217	1	813	Yale	http://stats.ncaa.org/team/813/10301	[2, 2, 1, 1, 6]
145218	0	381	Manhattan	http://stats.ncaa.org/team/381/10301	[1, 3, 1, 5, 0, 0, 10]
145218	1	116	Canisius	http://stats.ncaa.org/team/116/10301	[2, 2, 5, 1, 0, 1, 11]
145232	0	739	Villanova	http://stats.ncaa.org/team/739/10301	[2, 2, 4, 3, 11]
145232	1	180	Delaware	http://stats.ncaa.org/team/180/10301	[1, 2, 2, 3, 8]
145233	0	738	Vermont	http://stats.ncaa.org/team/738/10301	[0, 2, 2, 2, 6]
145233	1	180	Delaware	http://stats.ncaa.org/team/180/10301	[4, 2, 4, 4, 14]
145254	0	180	Delaware	http://stats.ncaa.org/team/180/10301	[3, 3, 3, 2, 11]
145254	1	251	Georgetown	http://stats.ncaa.org/team/251/10301	[4, 3, 3, 3, 13]
145255	0	603	St. John's (NY)	http://stats.ncaa.org/team/603/10301	[4, 2, 3, 2, 11]
145255	1	539	Penn St.	http://stats.ncaa.org/team/539/10301	[2, 3, 2, 6, 13]
145259	0	1320	Presbyterian	http://stats.ncaa.org/team/1320/10301	[2, 4, 4, 2, 12]
145259	1	52	Bellarmine	http://stats.ncaa.org/team/52/10301	[5, 2, 6, 4, 17]
145263	0	587	Rutgers	http://stats.ncaa.org/team/587/10301	[0, 5, 2, 3, 10]
145263	1	513	Notre Dame	http://stats.ncaa.org/team/513/10301	[1, 2, 1, 4, 8]
145280	0	316	Jacksonville	http://stats.ncaa.org/team/316/10301	[2, 5, 3, 7, 17]
145280	1	579	Robert Morris	http://stats.ncaa.org/team/579/10301	[6, 4, 3, 5, 18]
145282	0	285	Holy Cross	http://stats.ncaa.org/team/285/10301	[1, 2, 2, 0, 5]
145282	1	352	Lehigh	http://stats.ncaa.org/team/352/10301	[3, 3, 2, 3, 11]
145283	0	322	Johns Hopkins	http://stats.ncaa.org/team/322/10301	[1, 3, 1, 1, 6]
145283	1	746	Virginia	http://stats.ncaa.org/team/746/10301	[3, 4, 5, 3, 15]
145294	0	556	Providence	http://stats.ncaa.org/team/556/10301	[3, 2, 3, 1, 9]
145294	1	639	Siena	http://stats.ncaa.org/team/639/10301	[4, 3, 1, 3, 11]
145304	0	283	Hofstra	http://stats.ncaa.org/team/283/10301	[2, 0, 5, 2, 9]
145304	1	400	Massachusetts	http://stats.ncaa.org/team/400/10301	[2, 4, 5, 0, 11]
145309	0	741	VMI	http://stats.ncaa.org/team/741/10301	[2, 1, 2, 3, 8]
145309	1	184	Detroit	http://stats.ncaa.org/team/184/10301	[2, 4, 2, 3, 11]
145310	0	272	Hartford	http://stats.ncaa.org/team/272/10301	[3, 3, 0, 0, 0, 6]
145310	1	590	Sacred Heart	http://stats.ncaa.org/team/590/10301	[2, 1, 1, 2, 1, 7]
145311	0	183	Denver	http://stats.ncaa.org/team/183/10301	[1, 4, 2, 6, 13]
145311	1	683	Stony Brook	http://stats.ncaa.org/team/683/10301	[5, 2, 4, 1, 12]
145319	0	172	Dartmouth	http://stats.ncaa.org/team/172/10301	[1, 0, 2, 0, 3]
145319	1	193	Duke	http://stats.ncaa.org/team/193/10301	[5, 2, 7, 1, 15]
145327	0	739	Villanova	http://stats.ncaa.org/team/739/10301	[2, 2, 1, 1, 6]
145327	1	688	Syracuse	http://stats.ncaa.org/team/688/10301	[5, 5, 5, 5, 20]
145355	0	80	Brown	http://stats.ncaa.org/team/80/10301	[8, 5, 1, 4, 18]
145355	1	606	Saint Joseph's	http://stats.ncaa.org/team/606/10301	[1, 2, 1, 0, 4]
145359	0	172	Dartmouth	http://stats.ncaa.org/team/172/10301	[4, 3, 3, 1, 11]
145359	1	275	Harvard	http://stats.ncaa.org/team/275/10301	[3, 0, 5, 5, 13]
145383	0	352	Lehigh	http://stats.ncaa.org/team/352/10301	[2, 3, 5, 5, 1, 16]
145383	1	62	Binghamton	http://stats.ncaa.org/team/62/10301	[7, 3, 4, 1, 0, 15]
145436	0	191	Drexel	http://stats.ncaa.org/team/191/10301	[5, 3, 3, 1, 12]
145436	1	342	Lafayette	http://stats.ncaa.org/team/342/10301	[3, 3, 1, 4, 11]
145440	0	14	Albany (NY)	http://stats.ncaa.org/team/14/10301	[3, 1, 4, 3, 11]
145440	1	272	Hartford	http://stats.ncaa.org/team/272/10301	[4, 3, 2, 1, 10]
145469	0	83	Bucknell	http://stats.ncaa.org/team/83/10301	[4, 2, 1, 4, 11]
145469	1	539	Penn St.	http://stats.ncaa.org/team/539/10301	[1, 4, 2, 2, 9]
145531	0	193	Duke	http://stats.ncaa.org/team/193/10301	[8, 4, 2, 0, 14]
145531	1	275	Harvard	http://stats.ncaa.org/team/275/10301	[0, 3, 1, 1, 5]
145534	0	251	Georgetown	http://stats.ncaa.org/team/251/10301	[4, 2, 4, 2, 1, 13]
145534	1	726	Navy	http://stats.ncaa.org/team/726/10301	[2, 2, 4, 4, 0, 12]
145552	0	457	North Carolina	http://stats.ncaa.org/team/457/10301	[3, 3, 3, 2, 11]
145552	1	322	Johns Hopkins	http://stats.ncaa.org/team/322/10301	[2, 3, 1, 1, 7]
145571	0	741	VMI	http://stats.ncaa.org/team/741/10301	[1, 2, 1, 2, 6]
145571	1	381	Manhattan	http://stats.ncaa.org/team/381/10301	[4, 5, 3, 3, 15]
145577	0	153	Colgate	http://stats.ncaa.org/team/153/10301	[4, 3, 0, 3, 0, 10]
145577	1	725	Army West Point	http://stats.ncaa.org/team/725/10301	[3, 2, 3, 2, 1, 11]
145582	0	14	Albany (NY)	http://stats.ncaa.org/team/14/10301	[2, 1, 4, 1, 8]
145582	1	688	Syracuse	http://stats.ncaa.org/team/688/10301	[5, 4, 5, 1, 15]
145584	0	748	Wagner	http://stats.ncaa.org/team/748/10301	[2, 1, 1, 2, 6]
145584	1	386	Marist	http://stats.ncaa.org/team/386/10301	[3, 4, 4, 2, 13]
145641	0	184	Detroit	http://stats.ncaa.org/team/184/10301	[2, 2, 2, 2, 8]
145641	1	813	Yale	http://stats.ncaa.org/team/813/10301	[3, 2, 4, 3, 12]
145645	0	282	Hobart and William Colleges	http://stats.ncaa.org/team/282/10301	[3, 2, 3, 5, 13]
145645	1	183	Denver	http://stats.ncaa.org/team/183/10301	[3, 5, 6, 3, 17]
145648	0	400	Massachusetts	http://stats.ncaa.org/team/400/10301	[2, 4, 2, 2, 10]
145648	1	539	Penn St.	http://stats.ncaa.org/team/539/10301	[1, 3, 2, 2, 8]
145651	0	518	Ohio St.	http://stats.ncaa.org/team/518/10301	[2, 2, 0, 5, 9]
145651	1	369	Loyola Maryland	http://stats.ncaa.org/team/369/10301	[5, 4, 2, 0, 11]
145652	0	683	Stony Brook	http://stats.ncaa.org/team/683/10301	[5, 4, 4, 1, 14]
145652	1	391	UMBC	http://stats.ncaa.org/team/391/10301	[2, 4, 4, 1, 11]
145654	0	603	St. John's (NY)	http://stats.ncaa.org/team/603/10301	[2, 3, 2, 4, 11]
145654	1	587	Rutgers	http://stats.ncaa.org/team/587/10301	[1, 6, 2, 1, 10]
145661	0	721	Air Force	http://stats.ncaa.org/team/721/10301	[2, 1, 2, 2, 7]
145661	1	579	Robert Morris	http://stats.ncaa.org/team/579/10301	[4, 2, 2, 5, 13]
145662	0	116	Canisius	http://stats.ncaa.org/team/116/10301	[2, 0, 6, 2, 1, 11]
145662	1	606	Saint Joseph's	http://stats.ncaa.org/team/606/10301	[2, 3, 0, 5, 0, 10]
145665	0	513	Notre Dame	http://stats.ncaa.org/team/513/10301	[1, 1, 1, 5, 8]
145665	1	739	Villanova	http://stats.ncaa.org/team/739/10301	[2, 2, 1, 4, 9]
145666	0	554	Princeton	http://stats.ncaa.org/team/554/10301	[3, 0, 2, 4, 9]
145666	1	80	Brown	http://stats.ncaa.org/team/80/10301	[2, 0, 2, 3, 7]
145668	0	562	Quinnipiac	http://stats.ncaa.org/team/562/10301	[2, 2, 4, 1, 9]
145668	1	272	Hartford	http://stats.ncaa.org/team/272/10301	[2, 2, 1, 5, 10]
145669	0	590	Sacred Heart	http://stats.ncaa.org/team/590/10301	[1, 3, 2, 0, 6]
145669	1	352	Lehigh	http://stats.ncaa.org/team/352/10301	[0, 2, 3, 4, 9]
145670	0	725	Army West Point	http://stats.ncaa.org/team/725/10301	[0, 2, 0, 0, 2]
145670	1	283	Hofstra	http://stats.ncaa.org/team/283/10301	[6, 4, 2, 5, 17]
145672	0	450	Mt. St. Mary's	http://stats.ncaa.org/team/450/10301	[5, 2, 5, 2, 14]
145672	1	342	Lafayette	http://stats.ncaa.org/team/342/10301	[3, 4, 2, 3, 12]
145673	0	62	Binghamton	http://stats.ncaa.org/team/62/10301	[1, 2, 1, 4, 8]
145673	1	738	Vermont	http://stats.ncaa.org/team/738/10301	[5, 2, 1, 3, 11]
145678	0	540	Penn	http://stats.ncaa.org/team/540/10301	[0, 2, 4, 8, 14]
145678	1	813	Yale	http://stats.ncaa.org/team/813/10301	[3, 7, 3, 3, 16]
145679	0	590	Sacred Heart	http://stats.ncaa.org/team/590/10301	[0, 4, 0, 4, 8]
145679	1	450	Mt. St. Mary's	http://stats.ncaa.org/team/450/10301	[1, 3, 4, 1, 9]
145682	0	220	Fairfield	http://stats.ncaa.org/team/220/10301	[4, 4, 2, 3, 13]
145682	1	52	Bellarmine	http://stats.ncaa.org/team/52/10301	[0, 0, 3, 1, 4]
145684	0	316	Jacksonville	http://stats.ncaa.org/team/316/10301	[2, 2, 1, 2, 7]
145684	1	193	Duke	http://stats.ncaa.org/team/193/10301	[4, 7, 2, 3, 16]
145686	0	80	Brown	http://stats.ncaa.org/team/80/10301	[0, 4, 3, 3, 10]
145686	1	193	Duke	http://stats.ncaa.org/team/193/10301	[3, 3, 1, 4, 11]
145689	0	283	Hofstra	http://stats.ncaa.org/team/283/10301	[2, 5, 3, 1, 11]
145689	1	191	Drexel	http://stats.ncaa.org/team/191/10301	[3, 4, 1, 5, 13]
145786	0	180	Delaware	http://stats.ncaa.org/team/180/10301	[3, 2, 2, 0, 7]
145786	1	711	Towson	http://stats.ncaa.org/team/711/10301	[3, 4, 1, 1, 9]
145789	0	81	Bryant	http://stats.ncaa.org/team/81/10301	[0, 1, 2, 4, 7]
145789	1	80	Brown	http://stats.ncaa.org/team/80/10301	[2, 2, 2, 3, 9]
145790	0	738	Vermont	http://stats.ncaa.org/team/738/10301	[0, 0, 0, 1, 1]
145790	1	285	Holy Cross	http://stats.ncaa.org/team/285/10301	[3, 2, 1, 5, 11]
145850	0	184	Detroit	http://stats.ncaa.org/team/184/10301	[1, 3, 2, 2, 8]
145850	1	639	Siena	http://stats.ncaa.org/team/639/10301	[3, 0, 2, 4, 9]
145870	0	83	Bucknell	http://stats.ncaa.org/team/83/10301	[2, 3, 3, 3, 11]
145870	1	285	Holy Cross	http://stats.ncaa.org/team/285/10301	[1, 0, 1, 0, 2]
145873	0	391	UMBC	http://stats.ncaa.org/team/391/10301	[2, 1, 3, 1, 7]
145873	1	711	Towson	http://stats.ncaa.org/team/711/10301	[3, 2, 3, 2, 10]
145874	0	450	Mt. St. Mary's	http://stats.ncaa.org/team/450/10301	[0, 1, 4, 1, 6]
145874	1	251	Georgetown	http://stats.ncaa.org/team/251/10301	[1, 2, 5, 3, 11]
145878	0	342	Lafayette	http://stats.ncaa.org/team/342/10301	[1, 3, 4, 5, 13]
145878	1	386	Marist	http://stats.ncaa.org/team/386/10301	[1, 2, 0, 4, 7]
145952	0	746	Virginia	http://stats.ncaa.org/team/746/10301	[4, 2, 4, 2, 12]
145952	1	167	Cornell	http://stats.ncaa.org/team/167/10301	[1, 0, 1, 2, 4]
145953	0	813	Yale	http://stats.ncaa.org/team/813/10301	[1, 2, 2, 2, 7]
145953	1	167	Cornell	http://stats.ncaa.org/team/167/10301	[5, 5, 3, 5, 18]
145954	0	167	Cornell	http://stats.ncaa.org/team/167/10301	[0, 1, 3, 2, 6]
145954	1	172	Dartmouth	http://stats.ncaa.org/team/172/10301	[0, 3, 2, 3, 8]
145970	0	116	Canisius	http://stats.ncaa.org/team/116/10301	[3, 3, 4, 1, 11]
145970	1	579	Robert Morris	http://stats.ncaa.org/team/579/10301	[2, 8, 3, 4, 17]
145974	0	386	Marist	http://stats.ncaa.org/team/386/10301	[2, 2, 2, 3, 9]
145974	1	116	Canisius	http://stats.ncaa.org/team/116/10301	[1, 2, 3, 0, 6]
145975	0	688	Syracuse	http://stats.ncaa.org/team/688/10301	[2, 0, 2, 4, 1, 9]
145975	1	282	Hobart and William Colleges	http://stats.ncaa.org/team/282/10301	[1, 4, 1, 2, 0, 8]
145980	0	813	Yale	http://stats.ncaa.org/team/813/10301	[2, 2, 2, 2, 8]
145980	1	172	Dartmouth	http://stats.ncaa.org/team/172/10301	[0, 0, 2, 1, 3]
145983	0	14	Albany (NY)	http://stats.ncaa.org/team/14/10301	[1, 0, 4, 2, 7]
145983	1	322	Johns Hopkins	http://stats.ncaa.org/team/322/10301	[3, 4, 5, 7, 19]
145986	0	711	Towson	http://stats.ncaa.org/team/711/10301	[2, 3, 2, 3, 10]
145986	1	400	Massachusetts	http://stats.ncaa.org/team/400/10301	[2, 3, 2, 2, 9]
145991	0	342	Lafayette	http://stats.ncaa.org/team/342/10301	[2, 2, 3, 5, 1, 13]
145991	1	285	Holy Cross	http://stats.ncaa.org/team/285/10301	[4, 0, 5, 3, 0, 12]
146004	0	554	Princeton	http://stats.ncaa.org/team/554/10301	[0, 2, 0, 2, 4]
146004	1	688	Syracuse	http://stats.ncaa.org/team/688/10301	[2, 5, 5, 1, 13]
146013	0	746	Virginia	http://stats.ncaa.org/team/746/10301	[3, 2, 1, 1, 7]
146013	1	457	North Carolina	http://stats.ncaa.org/team/457/10301	[0, 3, 1, 1, 5]
146015	0	352	Lehigh	http://stats.ncaa.org/team/352/10301	[3, 0, 0, 1, 4]
146015	1	153	Colgate	http://stats.ncaa.org/team/153/10301	[3, 1, 3, 5, 12]
146030	0	52	Bellarmine	http://stats.ncaa.org/team/52/10301	[3, 2, 3, 3, 11]
146030	1	721	Air Force	http://stats.ncaa.org/team/721/10301	[2, 4, 2, 2, 10]
146031	0	562	Quinnipiac	http://stats.ncaa.org/team/562/10301	[5, 1, 1, 1, 8]
146031	1	721	Air Force	http://stats.ncaa.org/team/721/10301	[1, 2, 2, 1, 6]
146048	0	180	Delaware	http://stats.ncaa.org/team/180/10301	[3, 4, 1, 3, 11]
146048	1	283	Hofstra	http://stats.ncaa.org/team/283/10301	[2, 6, 3, 1, 12]
146049	0	381	Manhattan	http://stats.ncaa.org/team/381/10301	[0, 0, 1, 1, 2]
146049	1	283	Hofstra	http://stats.ncaa.org/team/283/10301	[6, 6, 5, 1, 18]
146051	0	539	Penn St.	http://stats.ncaa.org/team/539/10301	[3, 1, 1, 2, 7]
146051	1	191	Drexel	http://stats.ncaa.org/team/191/10301	[6, 2, 2, 2, 12]
146053	0	725	Army West Point	http://stats.ncaa.org/team/725/10301	[2, 4, 2, 3, 0, 11]
146053	1	167	Cornell	http://stats.ncaa.org/team/167/10301	[4, 2, 4, 1, 1, 12]
146057	0	639	Siena	http://stats.ncaa.org/team/639/10301	[1, 2, 3, 2, 0, 0, 8]
146057	1	62	Binghamton	http://stats.ncaa.org/team/62/10301	[1, 3, 3, 1, 0, 1, 9]
146067	0	587	Rutgers	http://stats.ncaa.org/team/587/10301	[3, 3, 2, 2, 10]
146067	1	316	Jacksonville	http://stats.ncaa.org/team/316/10301	[5, 3, 4, 5, 17]
146068	0	518	Ohio St.	http://stats.ncaa.org/team/518/10301	[3, 6, 1, 4, 14]
146068	1	282	Hobart and William Colleges	http://stats.ncaa.org/team/282/10301	[1, 3, 2, 0, 6]
146070	0	272	Hartford	http://stats.ncaa.org/team/272/10301	[3, 3, 1, 5, 12]
146070	1	683	Stony Brook	http://stats.ncaa.org/team/683/10301	[4, 3, 5, 3, 15]
146086	0	62	Binghamton	http://stats.ncaa.org/team/62/10301	[2, 1, 1, 0, 4]
146086	1	167	Cornell	http://stats.ncaa.org/team/167/10301	[3, 5, 6, 5, 19]
146091	0	739	Villanova	http://stats.ncaa.org/team/739/10301	[4, 1, 2, 7, 14]
146091	1	381	Manhattan	http://stats.ncaa.org/team/381/10301	[1, 2, 2, 1, 6]
146092	0	639	Siena	http://stats.ncaa.org/team/639/10301	[6, 5, 5, 1, 17]
146092	1	748	Wagner	http://stats.ncaa.org/team/748/10301	[1, 3, 2, 1, 7]
146097	0	606	Saint Joseph's	http://stats.ncaa.org/team/606/10301	[1, 4, 3, 3, 11]
146097	1	741	VMI	http://stats.ncaa.org/team/741/10301	[2, 1, 0, 2, 5]
146148	0	369	Loyola Maryland	http://stats.ncaa.org/team/369/10301	[3, 2, 2, 2, 9]
146148	1	220	Fairfield	http://stats.ncaa.org/team/220/10301	[1, 1, 2, 0, 4]
146168	0	450	Mt. St. Mary's	http://stats.ncaa.org/team/450/10301	[1, 3, 4, 4, 12]
146168	1	184	Detroit	http://stats.ncaa.org/team/184/10301	[1, 3, 2, 3, 9]
146189	0	513	Notre Dame	http://stats.ncaa.org/team/513/10301	[3, 5, 0, 0, 8]
146189	1	251	Georgetown	http://stats.ncaa.org/team/251/10301	[3, 3, 2, 3, 11]
146197	0	738	Vermont	http://stats.ncaa.org/team/738/10301	[0, 3, 0, 1, 4]
146197	1	14	Albany (NY)	http://stats.ncaa.org/team/14/10301	[0, 3, 4, 2, 9]
146208	0	275	Harvard	http://stats.ncaa.org/team/275/10301	[3, 1, 4, 4, 12]
146208	1	167	Cornell	http://stats.ncaa.org/team/167/10301	[5, 1, 1, 6, 13]
146213	0	813	Yale	http://stats.ncaa.org/team/813/10301	[4, 0, 0, 3, 7]
146213	1	556	Providence	http://stats.ncaa.org/team/556/10301	[1, 2, 2, 0, 5]
146215	0	688	Syracuse	http://stats.ncaa.org/team/688/10301	[1, 1, 2, 4, 8]
146215	1	167	Cornell	http://stats.ncaa.org/team/167/10301	[1, 2, 2, 2, 7]
146216	0	282	Hobart and William Colleges	http://stats.ncaa.org/team/282/10301	[2, 3, 1, 1, 0, 7]
146216	1	116	Canisius	http://stats.ncaa.org/team/116/10301	[2, 3, 1, 1, 1, 8]
146268	0	587	Rutgers	http://stats.ncaa.org/team/587/10301	[2, 2, 2, 2, 8]
146268	1	554	Princeton	http://stats.ncaa.org/team/554/10301	[1, 1, 3, 5, 10]
146270	0	272	Hartford	http://stats.ncaa.org/team/272/10301	[0, 1, 4, 4, 9]
146270	1	220	Fairfield	http://stats.ncaa.org/team/220/10301	[1, 1, 4, 6, 12]
146275	0	562	Quinnipiac	http://stats.ncaa.org/team/562/10301	[2, 1, 4, 3, 10]
146275	1	183	Denver	http://stats.ncaa.org/team/183/10301	[4, 2, 5, 3, 14]
146288	0	725	Army West Point	http://stats.ncaa.org/team/725/10301	[1, 2, 0, 3, 1, 7]
146288	1	83	Bucknell	http://stats.ncaa.org/team/83/10301	[3, 1, 0, 2, 0, 6]
146332	0	556	Providence	http://stats.ncaa.org/team/556/10301	[1, 2, 1, 1, 5]
146332	1	603	St. John's (NY)	http://stats.ncaa.org/team/603/10301	[6, 3, 2, 2, 13]
146357	0	342	Lafayette	http://stats.ncaa.org/team/342/10301	[3, 1, 3, 2, 9]
146357	1	153	Colgate	http://stats.ncaa.org/team/153/10301	[0, 4, 4, 6, 14]
146361	0	352	Lehigh	http://stats.ncaa.org/team/352/10301	[0, 2, 1, 2, 5]
146361	1	83	Bucknell	http://stats.ncaa.org/team/83/10301	[3, 5, 3, 3, 14]
146363	0	172	Dartmouth	http://stats.ncaa.org/team/172/10301	[0, 0, 2, 0, 2]
146363	1	554	Princeton	http://stats.ncaa.org/team/554/10301	[5, 6, 2, 3, 16]
146364	0	813	Yale	http://stats.ncaa.org/team/813/10301	[5, 3, 5, 1, 14]
146364	1	80	Brown	http://stats.ncaa.org/team/80/10301	[0, 4, 1, 6, 11]
146366	0	738	Vermont	http://stats.ncaa.org/team/738/10301	[2, 4, 1, 6, 13]
146366	1	272	Hartford	http://stats.ncaa.org/team/272/10301	[2, 2, 2, 0, 6]
146370	0	556	Providence	http://stats.ncaa.org/team/556/10301	[1, 0, 1, 1, 3]
146370	1	513	Notre Dame	http://stats.ncaa.org/team/513/10301	[0, 5, 5, 1, 11]
146372	0	590	Sacred Heart	http://stats.ncaa.org/team/590/10301	[0, 1, 2, 1, 4]
146372	1	81	Bryant	http://stats.ncaa.org/team/81/10301	[3, 1, 2, 3, 9]
146378	0	183	Denver	http://stats.ncaa.org/team/183/10301	[2, 2, 3, 3, 10]
146378	1	518	Ohio St.	http://stats.ncaa.org/team/518/10301	[4, 3, 2, 0, 9]
146381	0	741	VMI	http://stats.ncaa.org/team/741/10301	[2, 4, 1, 1, 8]
146381	1	639	Siena	http://stats.ncaa.org/team/639/10301	[0, 5, 3, 5, 13]
146384	0	562	Quinnipiac	http://stats.ncaa.org/team/562/10301	[1, 0, 4, 5, 10]
146384	1	285	Holy Cross	http://stats.ncaa.org/team/285/10301	[5, 5, 4, 3, 17]
146386	0	191	Drexel	http://stats.ncaa.org/team/191/10301	[3, 2, 1, 1, 7]
146386	1	711	Towson	http://stats.ncaa.org/team/711/10301	[3, 1, 2, 2, 8]
146388	0	683	Stony Brook	http://stats.ncaa.org/team/683/10301	[5, 4, 4, 4, 17]
146388	1	62	Binghamton	http://stats.ncaa.org/team/62/10301	[6, 3, 4, 3, 16]
146549	0	251	Georgetown	http://stats.ncaa.org/team/251/10301	[2, 2, 0, 2, 6]
146549	1	369	Loyola Maryland	http://stats.ncaa.org/team/369/10301	[3, 1, 4, 3, 11]
146588	0	14	Albany (NY)	http://stats.ncaa.org/team/14/10301	[2, 2, 2, 1, 7]
146588	1	391	UMBC	http://stats.ncaa.org/team/391/10301	[3, 6, 2, 1, 12]
146628	0	400	Massachusetts	http://stats.ncaa.org/team/400/10301	[1, 1, 1, 3, 6]
146628	1	180	Delaware	http://stats.ncaa.org/team/180/10301	[3, 2, 1, 3, 9]
146648	0	457	North Carolina	http://stats.ncaa.org/team/457/10301	[5, 5, 5, 2, 17]
146648	1	579	Robert Morris	http://stats.ncaa.org/team/579/10301	[4, 5, 3, 2, 14]
146672	0	220	Fairfield	http://stats.ncaa.org/team/220/10301	[1, 1, 2, 0, 4]
146672	1	721	Air Force	http://stats.ncaa.org/team/721/10301	[1, 1, 1, 0, 3]
146688	0	116	Canisius	http://stats.ncaa.org/team/116/10301	[2, 3, 1, 2, 8]
146688	1	748	Wagner	http://stats.ncaa.org/team/748/10301	[2, 0, 4, 1, 7]
146708	0	193	Duke	http://stats.ncaa.org/team/193/10301	[1, 4, 4, 4, 13]
146708	1	746	Virginia	http://stats.ncaa.org/team/746/10301	[3, 3, 1, 2, 9]
146728	0	282	Hobart and William Colleges	http://stats.ncaa.org/team/282/10301	[0, 0, 4, 1, 5]
146728	1	52	Bellarmine	http://stats.ncaa.org/team/52/10301	[4, 2, 1, 3, 10]
146788	0	688	Syracuse	http://stats.ncaa.org/team/688/10301	[0, 2, 5, 4, 11]
146788	1	587	Rutgers	http://stats.ncaa.org/team/587/10301	[0, 0, 2, 3, 5]
146811	0	381	Manhattan	http://stats.ncaa.org/team/381/10301	[0, 2, 2, 0, 4]
146811	1	450	Mt. St. Mary's	http://stats.ncaa.org/team/450/10301	[2, 2, 1, 0, 5]
146831	0	283	Hofstra	http://stats.ncaa.org/team/283/10301	[2, 5, 1, 2, 0, 10]
146831	1	539	Penn St.	http://stats.ncaa.org/team/539/10301	[2, 2, 4, 2, 1, 11]
146835	0	726	Navy	http://stats.ncaa.org/team/726/10301	[2, 1, 1, 2, 6]
146835	1	725	Army West Point	http://stats.ncaa.org/team/725/10301	[1, 4, 1, 1, 7]
146948	0	556	Providence	http://stats.ncaa.org/team/556/10301	[1, 1, 3, 2, 7]
146948	1	80	Brown	http://stats.ncaa.org/team/80/10301	[2, 5, 5, 2, 14]
146968	0	1320	Presbyterian	http://stats.ncaa.org/team/1320/10301	[2, 1, 1, 3, 7]
146968	1	316	Jacksonville	http://stats.ncaa.org/team/316/10301	[1, 3, 8, 5, 17]
146971	0	1320	Presbyterian	http://stats.ncaa.org/team/1320/10301	[2, 1, 1, 2, 6]
146971	1	590	Sacred Heart	http://stats.ncaa.org/team/590/10301	[5, 3, 2, 3, 13]
146973	0	748	Wagner	http://stats.ncaa.org/team/748/10301	[2, 0, 2, 2, 6]
146973	1	381	Manhattan	http://stats.ncaa.org/team/381/10301	[0, 2, 3, 2, 7]
146974	0	184	Detroit	http://stats.ncaa.org/team/184/10301	[1, 3, 2, 2, 8]
146974	1	116	Canisius	http://stats.ncaa.org/team/116/10301	[3, 3, 3, 0, 9]
146988	0	739	Villanova	http://stats.ncaa.org/team/739/10301	[4, 4, 2, 4, 0, 0, 14]
146988	1	352	Lehigh	http://stats.ncaa.org/team/352/10301	[5, 2, 5, 2, 0, 1, 15]
147036	0	81	Bryant	http://stats.ncaa.org/team/81/10301	[0, 1, 2, 0, 3]
147036	1	220	Fairfield	http://stats.ncaa.org/team/220/10301	[0, 2, 2, 1, 5]
147038	0	81	Bryant	http://stats.ncaa.org/team/81/10301	[0, 4, 1, 1, 6]
147038	1	285	Holy Cross	http://stats.ncaa.org/team/285/10301	[4, 0, 2, 1, 7]
147048	0	386	Marist	http://stats.ncaa.org/team/386/10301	[0, 1, 1, 2, 4]
147048	1	639	Siena	http://stats.ncaa.org/team/639/10301	[3, 5, 3, 3, 14]
147108	0	81	Bryant	http://stats.ncaa.org/team/81/10301	[3, 0, 2, 2, 7]
147108	1	725	Army West Point	http://stats.ncaa.org/team/725/10301	[1, 3, 0, 2, 6]
147158	0	183	Denver	http://stats.ncaa.org/team/183/10301	[2, 1, 3, 3, 9]
147158	1	220	Fairfield	http://stats.ncaa.org/team/220/10301	[4, 1, 2, 1, 8]
147160	0	316	Jacksonville	http://stats.ncaa.org/team/316/10301	[2, 6, 1, 1, 10]
147160	1	283	Hofstra	http://stats.ncaa.org/team/283/10301	[4, 2, 3, 5, 14]
147164	0	606	Saint Joseph's	http://stats.ncaa.org/team/606/10301	[2, 3, 2, 1, 8]
147164	1	381	Manhattan	http://stats.ncaa.org/team/381/10301	[4, 3, 3, 4, 14]
147165	0	721	Air Force	http://stats.ncaa.org/team/721/10301	[3, 2, 1, 0, 6]
147165	1	518	Ohio St.	http://stats.ncaa.org/team/518/10301	[3, 2, 2, 3, 10]
147171	0	554	Princeton	http://stats.ncaa.org/team/554/10301	[1, 3, 1, 3, 8]
147171	1	275	Harvard	http://stats.ncaa.org/team/275/10301	[2, 4, 2, 3, 11]
147176	0	540	Penn	http://stats.ncaa.org/team/540/10301	[3, 2, 5, 1, 11]
147176	1	172	Dartmouth	http://stats.ncaa.org/team/172/10301	[5, 3, 3, 4, 15]
147178	0	513	Notre Dame	http://stats.ncaa.org/team/513/10301	[2, 4, 4, 3, 13]
147178	1	603	St. John's (NY)	http://stats.ncaa.org/team/603/10301	[1, 1, 1, 3, 6]
147181	0	539	Penn St.	http://stats.ncaa.org/team/539/10301	[1, 4, 1, 3, 9]
147181	1	711	Towson	http://stats.ncaa.org/team/711/10301	[3, 4, 2, 1, 10]
147185	0	683	Stony Brook	http://stats.ncaa.org/team/683/10301	[5, 4, 3, 3, 15]
147185	1	14	Albany (NY)	http://stats.ncaa.org/team/14/10301	[0, 0, 0, 0, 0]
147188	0	725	Army West Point	http://stats.ncaa.org/team/725/10301	[2, 4, 6, 3, 15]
147188	1	342	Lafayette	http://stats.ncaa.org/team/342/10301	[4, 0, 4, 6, 14]
147189	0	352	Lehigh	http://stats.ncaa.org/team/352/10301	[2, 3, 2, 2, 1, 10]
147189	1	342	Lafayette	http://stats.ncaa.org/team/342/10301	[2, 1, 1, 5, 0, 9]
147191	0	400	Massachusetts	http://stats.ncaa.org/team/400/10301	[2, 5, 0, 6, 13]
147191	1	251	Georgetown	http://stats.ncaa.org/team/251/10301	[4, 2, 1, 5, 12]
147239	0	739	Villanova	http://stats.ncaa.org/team/739/10301	[3, 1, 2, 2, 8]
147239	1	587	Rutgers	http://stats.ncaa.org/team/587/10301	[2, 1, 0, 1, 4]
147242	0	81	Bryant	http://stats.ncaa.org/team/81/10301	[3, 3, 2, 1, 9]
147242	1	813	Yale	http://stats.ncaa.org/team/813/10301	[2, 1, 1, 3, 7]
147243	0	1320	Presbyterian	http://stats.ncaa.org/team/1320/10301	[0, 2, 0, 3, 5]
147243	1	813	Yale	http://stats.ncaa.org/team/813/10301	[6, 2, 4, 2, 14]
147268	0	322	Johns Hopkins	http://stats.ncaa.org/team/322/10301	[5, 0, 3, 0, 0, 8]
147268	1	726	Navy	http://stats.ncaa.org/team/726/10301	[0, 6, 1, 1, 1, 9]
147269	0	556	Providence	http://stats.ncaa.org/team/556/10301	[0, 3, 2, 0, 5]
147269	1	688	Syracuse	http://stats.ncaa.org/team/688/10301	[3, 3, 5, 3, 14]
147270	0	1320	Presbyterian	http://stats.ncaa.org/team/1320/10301	[1, 2, 4, 1, 8]
147270	1	193	Duke	http://stats.ncaa.org/team/193/10301	[5, 6, 7, 1, 19]
147272	0	579	Robert Morris	http://stats.ncaa.org/team/579/10301	[3, 1, 3, 5, 12]
147272	1	590	Sacred Heart	http://stats.ncaa.org/team/590/10301	[2, 4, 1, 3, 10]
147273	0	386	Marist	http://stats.ncaa.org/team/386/10301	[2, 7, 2, 2, 13]
147273	1	184	Detroit	http://stats.ncaa.org/team/184/10301	[2, 0, 2, 2, 6]
147277	0	639	Siena	http://stats.ncaa.org/team/639/10301	[2, 1, 1, 4, 8]
147277	1	450	Mt. St. Mary's	http://stats.ncaa.org/team/450/10301	[1, 1, 3, 2, 7]
147279	0	52	Bellarmine	http://stats.ncaa.org/team/52/10301	[2, 2, 1, 2, 7]
147279	1	562	Quinnipiac	http://stats.ncaa.org/team/562/10301	[8, 2, 5, 5, 20]
147280	0	193	Duke	http://stats.ncaa.org/team/193/10301	[4, 3, 1, 4, 12]
147280	1	746	Virginia	http://stats.ncaa.org/team/746/10301	[4, 5, 3, 4, 16]
147288	0	153	Colgate	http://stats.ncaa.org/team/153/10301	[1, 0, 1, 5, 0, 7]
147288	1	83	Bucknell	http://stats.ncaa.org/team/83/10301	[3, 3, 1, 0, 1, 8]
147289	0	62	Binghamton	http://stats.ncaa.org/team/62/10301	[4, 3, 4, 2, 13]
147289	1	272	Hartford	http://stats.ncaa.org/team/272/10301	[1, 5, 2, 4, 12]
147294	0	748	Wagner	http://stats.ncaa.org/team/748/10301	[1, 1, 1, 4, 1, 8]
147294	1	741	VMI	http://stats.ncaa.org/team/741/10301	[1, 1, 2, 3, 0, 7]
147297	0	172	Dartmouth	http://stats.ncaa.org/team/172/10301	[3, 5, 6, 4, 18]
147297	1	738	Vermont	http://stats.ncaa.org/team/738/10301	[1, 5, 1, 6, 13]
147298	0	391	UMBC	http://stats.ncaa.org/team/391/10301	[2, 1, 2, 2, 1, 8]
147298	1	738	Vermont	http://stats.ncaa.org/team/738/10301	[1, 3, 0, 3, 0, 7]
147301	0	450	Mt. St. Mary's	http://stats.ncaa.org/team/450/10301	[3, 2, 6, 7, 18]
147301	1	606	Saint Joseph's	http://stats.ncaa.org/team/606/10301	[3, 1, 3, 1, 8]
147302	0	81	Bryant	http://stats.ncaa.org/team/81/10301	[2, 5, 3, 4, 0, 1, 15]
147302	1	579	Robert Morris	http://stats.ncaa.org/team/579/10301	[3, 2, 6, 3, 0, 0, 14]
147308	0	80	Brown	http://stats.ncaa.org/team/80/10301	[2, 5, 4, 2, 13]
147308	1	167	Cornell	http://stats.ncaa.org/team/167/10301	[4, 2, 0, 4, 10]
147332	0	285	Holy Cross	http://stats.ncaa.org/team/285/10301	[4, 0, 3, 3, 10]
147332	1	725	Army West Point	http://stats.ncaa.org/team/725/10301	[5, 3, 3, 2, 13]
147333	0	556	Providence	http://stats.ncaa.org/team/556/10301	[0, 4, 1, 1, 6]
147333	1	1320	Presbyterian	http://stats.ncaa.org/team/1320/10301	[4, 1, 2, 1, 8]
147334	0	81	Bryant	http://stats.ncaa.org/team/81/10301	[4, 4, 1, 0, 9]
147334	1	1320	Presbyterian	http://stats.ncaa.org/team/1320/10301	[2, 0, 2, 1, 5]
147350	0	191	Drexel	http://stats.ncaa.org/team/191/10301	[0, 1, 0, 5, 6]
147350	1	180	Delaware	http://stats.ncaa.org/team/180/10301	[0, 5, 3, 2, 10]
147368	0	172	Dartmouth	http://stats.ncaa.org/team/172/10301	[1, 2, 2, 0, 5]
147368	1	81	Bryant	http://stats.ncaa.org/team/81/10301	[0, 3, 3, 1, 7]
147408	0	606	Saint Joseph's	http://stats.ncaa.org/team/606/10301	[2, 6, 1, 0, 9]
147408	1	748	Wagner	http://stats.ncaa.org/team/748/10301	[0, 0, 4, 4, 8]
147409	0	639	Siena	http://stats.ncaa.org/team/639/10301	[1, 2, 0, 1, 4]
147409	1	116	Canisius	http://stats.ncaa.org/team/116/10301	[1, 0, 1, 0, 2]
147448	0	167	Cornell	http://stats.ncaa.org/team/167/10301	[4, 2, 2, 4, 12]
147448	1	540	Penn	http://stats.ncaa.org/team/540/10301	[1, 2, 2, 1, 6]
147449	0	80	Brown	http://stats.ncaa.org/team/80/10301	[3, 1, 4, 4, 12]
147449	1	540	Penn	http://stats.ncaa.org/team/540/10301	[1, 3, 3, 2, 9]
147450	0	275	Harvard	http://stats.ncaa.org/team/275/10301	[2, 2, 0, 3, 7]
147450	1	540	Penn	http://stats.ncaa.org/team/540/10301	[2, 2, 5, 3, 12]
147468	0	184	Detroit	http://stats.ncaa.org/team/184/10301	[2, 2, 1, 2, 7]
147468	1	606	Saint Joseph's	http://stats.ncaa.org/team/606/10301	[4, 0, 0, 6, 10]
147528	0	381	Manhattan	http://stats.ncaa.org/team/381/10301	[2, 2, 2, 4, 10]
147528	1	386	Marist	http://stats.ncaa.org/team/386/10301	[2, 3, 0, 1, 6]
147628	0	748	Wagner	http://stats.ncaa.org/team/748/10301	[0, 1, 3, 3, 7]
147628	1	184	Detroit	http://stats.ncaa.org/team/184/10301	[1, 5, 4, 4, 14]
147632	0	172	Dartmouth	http://stats.ncaa.org/team/172/10301	[2, 1, 3, 3, 0, 9]
147632	1	80	Brown	http://stats.ncaa.org/team/80/10301	[3, 3, 2, 1, 1, 10]
147636	0	81	Bryant	http://stats.ncaa.org/team/81/10301	[3, 2, 2, 0, 7]
147636	1	562	Quinnipiac	http://stats.ncaa.org/team/562/10301	[0, 4, 1, 1, 6]
147637	0	739	Villanova	http://stats.ncaa.org/team/739/10301	[1, 1, 3, 4, 9]
147637	1	556	Providence	http://stats.ncaa.org/team/556/10301	[0, 2, 2, 1, 5]
147638	0	52	Bellarmine	http://stats.ncaa.org/team/52/10301	[2, 2, 4, 5, 1, 14]
147638	1	518	Ohio St.	http://stats.ncaa.org/team/518/10301	[2, 1, 6, 4, 0, 13]
147639	0	381	Manhattan	http://stats.ncaa.org/team/381/10301	[0, 0, 2, 3, 5]
147639	1	639	Siena	http://stats.ncaa.org/team/639/10301	[1, 5, 4, 2, 12]
147648	0	167	Cornell	http://stats.ncaa.org/team/167/10301	[4, 1, 4, 1, 10]
147648	1	554	Princeton	http://stats.ncaa.org/team/554/10301	[0, 3, 0, 6, 9]
147649	0	711	Towson	http://stats.ncaa.org/team/711/10301	[2, 1, 4, 3, 10]
147649	1	283	Hofstra	http://stats.ncaa.org/team/283/10301	[4, 1, 4, 3, 12]
147651	0	62	Binghamton	http://stats.ncaa.org/team/62/10301	[2, 0, 2, 2, 6]
147651	1	14	Albany (NY)	http://stats.ncaa.org/team/14/10301	[3, 4, 0, 4, 11]
147652	0	721	Air Force	http://stats.ncaa.org/team/721/10301	[1, 1, 1, 3, 6]
147652	1	282	Hobart and William Colleges	http://stats.ncaa.org/team/282/10301	[6, 6, 3, 2, 17]
147653	0	369	Loyola Maryland	http://stats.ncaa.org/team/369/10301	[2, 6, 5, 4, 17]
147653	1	282	Hobart and William Colleges	http://stats.ncaa.org/team/282/10301	[2, 3, 3, 4, 12]
147654	0	688	Syracuse	http://stats.ncaa.org/team/688/10301	[5, 0, 3, 4, 12]
147654	1	513	Notre Dame	http://stats.ncaa.org/team/513/10301	[0, 2, 4, 0, 6]
147655	0	400	Massachusetts	http://stats.ncaa.org/team/400/10301	[3, 1, 1, 1, 6]
147655	1	191	Drexel	http://stats.ncaa.org/team/191/10301	[2, 6, 1, 3, 12]
147656	0	587	Rutgers	http://stats.ncaa.org/team/587/10301	[2, 2, 2, 3, 9]
147656	1	251	Georgetown	http://stats.ncaa.org/team/251/10301	[5, 2, 3, 4, 14]
147728	0	180	Delaware	http://stats.ncaa.org/team/180/10301	[4, 3, 4, 3, 14]
147728	1	539	Penn St.	http://stats.ncaa.org/team/539/10301	[4, 2, 1, 3, 10]
147729	0	562	Quinnipiac	http://stats.ncaa.org/team/562/10301	[3, 4, 1, 5, 13]
147729	1	590	Sacred Heart	http://stats.ncaa.org/team/590/10301	[0, 3, 3, 2, 8]
147730	0	711	Towson	http://stats.ncaa.org/team/711/10301	[0, 0, 3, 3, 6]
147730	1	322	Johns Hopkins	http://stats.ncaa.org/team/322/10301	[4, 4, 2, 3, 13]
147731	0	342	Lafayette	http://stats.ncaa.org/team/342/10301	[3, 3, 1, 2, 9]
147731	1	726	Navy	http://stats.ncaa.org/team/726/10301	[1, 1, 5, 4, 11]
147732	0	603	St. John's (NY)	http://stats.ncaa.org/team/603/10301	[0, 0, 2, 4, 6]
147732	1	590	Sacred Heart	http://stats.ncaa.org/team/590/10301	[5, 2, 0, 1, 8]
147733	0	272	Hartford	http://stats.ncaa.org/team/272/10301	[2, 5, 5, 2, 14]
147733	1	391	UMBC	http://stats.ncaa.org/team/391/10301	[4, 2, 3, 3, 12]
147734	0	741	VMI	http://stats.ncaa.org/team/741/10301	[1, 2, 1, 3, 7]
147734	1	450	Mt. St. Mary's	http://stats.ncaa.org/team/450/10301	[4, 6, 6, 1, 17]
147735	0	275	Harvard	http://stats.ncaa.org/team/275/10301	[1, 4, 2, 1, 8]
147735	1	813	Yale	http://stats.ncaa.org/team/813/10301	[2, 1, 4, 2, 9]
147741	0	738	Vermont	http://stats.ncaa.org/team/738/10301	[0, 4, 1, 5, 10]
147741	1	683	Stony Brook	http://stats.ncaa.org/team/683/10301	[6, 2, 6, 2, 16]
147742	0	726	Navy	http://stats.ncaa.org/team/726/10301	[2, 2, 1, 3, 8]
147742	1	725	Army West Point	http://stats.ncaa.org/team/725/10301	[2, 3, 3, 3, 11]
147744	0	83	Bucknell	http://stats.ncaa.org/team/83/10301	[3, 2, 0, 2, 7]
147744	1	725	Army West Point	http://stats.ncaa.org/team/725/10301	[0, 2, 3, 4, 9]
147752	0	369	Loyola Maryland	http://stats.ncaa.org/team/369/10301	[0, 2, 1, 1, 4]
147752	1	183	Denver	http://stats.ncaa.org/team/183/10301	[3, 2, 5, 2, 12]
147753	0	116	Canisius	http://stats.ncaa.org/team/116/10301	[2, 3, 2, 4, 1, 12]
147753	1	741	VMI	http://stats.ncaa.org/team/741/10301	[2, 0, 4, 5, 0, 11]
147831	0	579	Robert Morris	http://stats.ncaa.org/team/579/10301	[3, 2, 0, 4, 9]
147831	1	746	Virginia	http://stats.ncaa.org/team/746/10301	[5, 3, 6, 4, 18]
147888	0	738	Vermont	http://stats.ncaa.org/team/738/10301	[0, 1, 1, 4, 6]
147888	1	683	Stony Brook	http://stats.ncaa.org/team/683/10301	[3, 2, 3, 2, 10]
147889	0	450	Mt. St. Mary's	http://stats.ncaa.org/team/450/10301	[2, 0, 7, 4, 13]
147889	1	386	Marist	http://stats.ncaa.org/team/386/10301	[2, 0, 2, 5, 9]
147910	0	400	Massachusetts	http://stats.ncaa.org/team/400/10301	[2, 1, 1, 2, 6]
147910	1	711	Towson	http://stats.ncaa.org/team/711/10301	[1, 4, 5, 3, 13]
147928	0	14	Albany (NY)	http://stats.ncaa.org/team/14/10301	[4, 2, 2, 3, 11]
147928	1	391	UMBC	http://stats.ncaa.org/team/391/10301	[3, 1, 0, 3, 7]
147948	0	579	Robert Morris	http://stats.ncaa.org/team/579/10301	[4, 7, 5, 6, 22]
147948	1	748	Wagner	http://stats.ncaa.org/team/748/10301	[0, 0, 0, 4, 4]
148049	0	342	Lafayette	http://stats.ncaa.org/team/342/10301	[6, 3, 1, 2, 12]
148049	1	62	Binghamton	http://stats.ncaa.org/team/62/10301	[1, 1, 5, 2, 9]
148050	0	391	UMBC	http://stats.ncaa.org/team/391/10301	[2, 2, 5, 3, 12]
148050	1	62	Binghamton	http://stats.ncaa.org/team/62/10301	[2, 0, 2, 2, 6]
148088	0	282	Hobart and William Colleges	http://stats.ncaa.org/team/282/10301	[2, 4, 2, 1, 9]
148088	1	81	Bryant	http://stats.ncaa.org/team/81/10301	[2, 2, 4, 2, 10]
148091	0	220	Fairfield	http://stats.ncaa.org/team/220/10301	[2, 1, 3, 4, 0, 10]
148091	1	562	Quinnipiac	http://stats.ncaa.org/team/562/10301	[2, 2, 2, 4, 1, 11]
148093	0	180	Delaware	http://stats.ncaa.org/team/180/10301	[1, 6, 2, 3, 12]
148093	1	711	Towson	http://stats.ncaa.org/team/711/10301	[3, 1, 0, 5, 9]
148095	0	14	Albany (NY)	http://stats.ncaa.org/team/14/10301	[0, 4, 2, 1, 7]
148095	1	683	Stony Brook	http://stats.ncaa.org/team/683/10301	[5, 2, 1, 3, 11]
148102	0	813	Yale	http://stats.ncaa.org/team/813/10301	[1, 1, 0, 4, 6]
148102	1	554	Princeton	http://stats.ncaa.org/team/554/10301	[0, 3, 2, 2, 7]
148105	0	587	Rutgers	http://stats.ncaa.org/team/587/10301	[4, 2, 3, 3, 12]
148105	1	556	Providence	http://stats.ncaa.org/team/556/10301	[0, 1, 1, 0, 2]
148106	0	251	Georgetown	http://stats.ncaa.org/team/251/10301	[5, 0, 6, 4, 15]
148106	1	739	Villanova	http://stats.ncaa.org/team/739/10301	[1, 6, 0, 2, 9]
148107	0	191	Drexel	http://stats.ncaa.org/team/191/10301	[5, 1, 1, 5, 12]
148107	1	180	Delaware	http://stats.ncaa.org/team/180/10301	[3, 7, 4, 1, 15]
148111	0	554	Princeton	http://stats.ncaa.org/team/554/10301	[1, 1, 3, 4, 1, 10]
148111	1	167	Cornell	http://stats.ncaa.org/team/167/10301	[4, 2, 1, 2, 0, 9]
148128	0	590	Sacred Heart	http://stats.ncaa.org/team/590/10301	[1, 2, 1, 3, 7]
148128	1	193	Duke	http://stats.ncaa.org/team/193/10301	[5, 6, 3, 5, 19]
148129	0	183	Denver	http://stats.ncaa.org/team/183/10301	[5, 3, 2, 5, 15]
148129	1	721	Air Force	http://stats.ncaa.org/team/721/10301	[2, 0, 2, 3, 7]
148150	0	381	Manhattan	http://stats.ncaa.org/team/381/10301	[0, 3, 3, 0, 6]
148150	1	450	Mt. St. Mary's	http://stats.ncaa.org/team/450/10301	[2, 2, 3, 3, 10]
148151	0	450	Mt. St. Mary's	http://stats.ncaa.org/team/450/10301	[3, 1, 2, 1, 7]
148151	1	639	Siena	http://stats.ncaa.org/team/639/10301	[1, 1, 2, 2, 6]
148153	0	80	Brown	http://stats.ncaa.org/team/80/10301	[2, 2, 1, 3, 8]
148153	1	167	Cornell	http://stats.ncaa.org/team/167/10301	[3, 3, 7, 1, 14]
148228	0	322	Johns Hopkins	http://stats.ncaa.org/team/322/10301	[2, 3, 2, 2, 9]
148228	1	369	Loyola Maryland	http://stats.ncaa.org/team/369/10301	[1, 2, 1, 2, 6]
148268	0	688	Syracuse	http://stats.ncaa.org/team/688/10301	[5, 5, 2, 3, 15]
148268	1	603	St. John's (NY)	http://stats.ncaa.org/team/603/10301	[2, 0, 2, 3, 7]
148308	0	81	Bryant	http://stats.ncaa.org/team/81/10301	[5, 1, 3, 4, 13]
148308	1	52	Bellarmine	http://stats.ncaa.org/team/52/10301	[1, 1, 1, 1, 4]
148330	0	518	Ohio St.	http://stats.ncaa.org/team/518/10301	[5, 5, 2, 1, 13]
148330	1	457	North Carolina	http://stats.ncaa.org/team/457/10301	[3, 7, 5, 4, 19]
148368	0	369	Loyola Maryland	http://stats.ncaa.org/team/369/10301	[2, 0, 5, 3, 0, 0, 0, 10]
148368	1	167	Cornell	http://stats.ncaa.org/team/167/10301	[4, 4, 1, 1, 0, 0, 1, 11]
148369	0	52	Bellarmine	http://stats.ncaa.org/team/52/10301	[4, 1, 0, 5, 10]
148369	1	606	Saint Joseph's	http://stats.ncaa.org/team/606/10301	[3, 1, 0, 0, 4]
148370	0	52	Bellarmine	http://stats.ncaa.org/team/52/10301	[3, 1, 0, 4, 8]
148370	1	183	Denver	http://stats.ncaa.org/team/183/10301	[3, 3, 1, 5, 12]
148371	0	513	Notre Dame	http://stats.ncaa.org/team/513/10301	[1, 2, 3, 2, 8]
148371	1	554	Princeton	http://stats.ncaa.org/team/554/10301	[1, 3, 1, 0, 5]
148388	0	180	Delaware	http://stats.ncaa.org/team/180/10301	[6, 1, 4, 2, 13]
148388	1	457	North Carolina	http://stats.ncaa.org/team/457/10301	[6, 1, 5, 2, 14]
148409	0	725	Army West Point	http://stats.ncaa.org/team/725/10301	[1, 3, 2, 2, 0, 1, 9]
148409	1	688	Syracuse	http://stats.ncaa.org/team/688/10301	[3, 3, 1, 1, 0, 0, 8]
148412	0	183	Denver	http://stats.ncaa.org/team/183/10301	[2, 3, 0, 2, 7]
148412	1	683	Stony Brook	http://stats.ncaa.org/team/683/10301	[1, 4, 1, 3, 9]
148413	0	450	Mt. St. Mary's	http://stats.ncaa.org/team/450/10301	[0, 1, 1, 2, 4]
148413	1	746	Virginia	http://stats.ncaa.org/team/746/10301	[5, 7, 4, 2, 18]
148429	0	322	Johns Hopkins	http://stats.ncaa.org/team/322/10301	[3, 1, 0, 1, 5]
148429	1	193	Duke	http://stats.ncaa.org/team/193/10301	[5, 3, 8, 2, 18]
148568	0	603	St. John's (NY)	http://stats.ncaa.org/team/603/10301	[3, 4, 2, 1, 10]
148568	1	739	Villanova	http://stats.ncaa.org/team/739/10301	[3, 2, 3, 4, 12]
148610	0	193	Duke	http://stats.ncaa.org/team/193/10301	[2, 7, 3, 5, 17]
148610	1	457	North Carolina	http://stats.ncaa.org/team/457/10301	[2, 4, 2, 1, 9]
148611	0	725	Army West Point	http://stats.ncaa.org/team/725/10301	[1, 2, 1, 1, 5]
148611	1	167	Cornell	http://stats.ncaa.org/team/167/10301	[4, 4, 3, 3, 14]
148629	0	683	Stony Brook	http://stats.ncaa.org/team/683/10301	[1, 2, 2, 4, 9]
148629	1	746	Virginia	http://stats.ncaa.org/team/746/10301	[4, 1, 2, 3, 10]
148648	0	81	Bryant	http://stats.ncaa.org/team/81/10301	[2, 2, 3, 2, 9]
148648	1	556	Providence	http://stats.ncaa.org/team/556/10301	[2, 2, 2, 2, 8]
148689	0	513	Notre Dame	http://stats.ncaa.org/team/513/10301	[3, 3, 2, 4, 12]
148689	1	167	Cornell	http://stats.ncaa.org/team/167/10301	[1, 2, 2, 2, 7]
148728	0	193	Duke	http://stats.ncaa.org/team/193/10301	[2, 3, 4, 5, 14]
148728	1	746	Virginia	http://stats.ncaa.org/team/746/10301	[4, 3, 1, 5, 13]
148731	0	513	Notre Dame	http://stats.ncaa.org/team/513/10301	[2, 0, 2, 1, 0, 5]
148731	1	193	Duke	http://stats.ncaa.org/team/193/10301	[2, 1, 1, 1, 1, 6]
3418275	0	369	Loyola Maryland	http://stats.ncaa.org/team/369/10301	[2, 1, 5, 6, 14]
3418275	1	52	Bellarmine	http://stats.ncaa.org/team/52/10301	[3, 1, 2, 2, 8]
3418276	0	52	Bellarmine	http://stats.ncaa.org/team/52/10301	[4, 5, 2, 1, 12]
3418276	1	184	Detroit	http://stats.ncaa.org/team/184/10301	[5, 1, 2, 0, 8]
946890	0	386	Marist	http://stats.ncaa.org/team/386/10301	[3, 2, 0, 2, 7]
946890	1	639	Siena	http://stats.ncaa.org/team/639/10301	[4, 1, 2, 2, 9]
952150	0	392	Maryland	http://stats.ncaa.org/team/392/10301	[1, 4, 3, 4, 12]
952150	1	52	Bellarmine	http://stats.ncaa.org/team/52/10301	[1, 1, 3, 2, 7]
952170	0	392	Maryland	http://stats.ncaa.org/team/392/10301	[2, 5, 3, 5, 15]
952170	1	251	Georgetown	http://stats.ncaa.org/team/251/10301	[5, 5, 1, 2, 13]
952190	0	392	Maryland	http://stats.ncaa.org/team/392/10301	[3, 3, 3, 1, 1, 11]
952190	1	193	Duke	http://stats.ncaa.org/team/193/10301	[1, 4, 2, 3, 0, 10]
952210	0	711	Towson	http://stats.ncaa.org/team/711/10301	[2, 1, 3, 2, 8]
952210	1	392	Maryland	http://stats.ncaa.org/team/392/10301	[3, 5, 1, 3, 12]
952211	0	540	Penn	http://stats.ncaa.org/team/540/10301	[2, 1, 2, 2, 7]
952211	1	392	Maryland	http://stats.ncaa.org/team/392/10301	[4, 2, 1, 3, 10]
952250	0	392	Maryland	http://stats.ncaa.org/team/392/10301	[3, 5, 3, 2, 13]
952250	1	391	UMBC	http://stats.ncaa.org/team/391/10301	[1, 2, 3, 1, 7]
952271	0	392	Maryland	http://stats.ncaa.org/team/392/10301	[1, 3, 0, 3, 7]
952271	1	457	North Carolina	http://stats.ncaa.org/team/457/10301	[3, 1, 3, 2, 9]
952290	0	746	Virginia	http://stats.ncaa.org/team/746/10301	[6, 1, 1, 3, 11]
952290	1	392	Maryland	http://stats.ncaa.org/team/392/10301	[1, 1, 3, 5, 10]
952310	0	513	Notre Dame	http://stats.ncaa.org/team/513/10301	[4, 1, 2, 0, 7]
952310	1	392	Maryland	http://stats.ncaa.org/team/392/10301	[1, 2, 1, 1, 5]
952311	0	726	Navy	http://stats.ncaa.org/team/726/10301	[2, 1, 4, 2, 9]
952311	1	392	Maryland	http://stats.ncaa.org/team/392/10301	[1, 3, 5, 2, 11]
952330	0	283	Hofstra	http://stats.ncaa.org/team/283/10301	[1, 2, 2, 3, 8]
952330	1	392	Maryland	http://stats.ncaa.org/team/392/10301	[2, 2, 3, 4, 11]
952331	0	392	Maryland	http://stats.ncaa.org/team/392/10301	[1, 2, 3, 4, 10]
952331	1	322	Johns Hopkins	http://stats.ncaa.org/team/322/10301	[3, 1, 1, 4, 9]
952350	0	392	Maryland	http://stats.ncaa.org/team/392/10301	[8, 5, 5, 0, 18]
952350	1	153	Colgate	http://stats.ncaa.org/team/153/10301	[2, 4, 0, 4, 10]
952351	0	392	Maryland	http://stats.ncaa.org/team/392/10301	[2, 3, 3, 5, 13]
952351	1	457	North Carolina	http://stats.ncaa.org/team/457/10301	[0, 2, 0, 3, 5]
952371	0	392	Maryland	http://stats.ncaa.org/team/392/10301	[3, 1, 1, 1, 6]
952371	1	746	Virginia	http://stats.ncaa.org/team/746/10301	[2, 3, 3, 2, 10]
952372	0	220	Fairfield	http://stats.ncaa.org/team/220/10301	[0, 1, 0, 3, 4]
952372	1	392	Maryland	http://stats.ncaa.org/team/392/10301	[6, 4, 5, 2, 17]
